DMY,Current_Price,Open,High,Low,Volume,% Changes
1/2/2020,"2,368.91","2,350.41","2,373.91","2,348.22",2.38B,1.14%
1/3/2020,"2,365.86","2,369.87","2,382.15","2,361.84",2.17B,-0.13%
1/6/2020,"2,325.75","2,348.77","2,352.38","2,320.80",2.89B,-1.70%
1/7/2020,"2,351.25","2,343.05","2,351.50","2,325.22",2.29B,1.10%
1/8/2020,"2,309.88","2,326.05","2,331.21","2,303.62",2.63B,-1.76%
1/9/2020,"2,341.48","2,331.73","2,345.33","2,322.70",2.42B,1.37%
1/10/2020,"2,341.72","2,346.96","2,348.33","2,330.27",1.73B,0.01%
01/13/2020,"2,348.98","2,351.03","2,355.51","2,337.17",1.76B,0.31%
01/14/2020,"2,349.12","2,354.56","2,359.56","2,336.13",1.93B,0.01%
01/15/2020,"2,336.78","2,340.83","2,349.02","2,328.53",1.98B,-0.53%
01/16/2020,"2,360.09","2,339.16","2,364.43","2,337.06",1.97B,1.00%
01/17/2020,"2,366.43","2,366.74","2,372.85","2,359.68",2.02B,0.27%
01/20/2020,"2,345.03","2,359.61","2,361.87","2,341.10",1.96B,-0.90%
01/21/2020,"2,321.83","2,334.51","2,341.59","2,318.99",2.51B,-0.99%
01/22/2020,"2,321.48","2,329.11","2,331.09","2,308.93",2.51B,-0.02%
01/23/2020,"2,320.90","2,314.51","2,327.58","2,308.74",2.07B,-0.02%
01/24/2020,"2,315.58","2,323.83","2,326.15","2,311.40",1.52B,-0.23%
01/27/2020,"2,238.95","2,276.22","2,278.83","2,229.21",2.73B,-3.31%
01/28/2020,"2,222.63","2,231.63","2,258.37","2,211.93",2.25B,-0.73%
01/29/2020,"2,243.29","2,239.66","2,249.31","2,219.86",2.01B,0.93%
01/30/2020,"2,240.05","2,228.73","2,243.93","2,226.88",1.76B,-0.14%
01/31/2020,"2,225.62","2,249.16","2,254.56","2,225.53",1.90B,-0.64%
2/3/2020,"2,198.82","2,214.71","2,227.34","2,198.44",1.88B,-1.20%
2/4/2020,"2,237.92","2,208.22","2,239.68","2,202.93",2.28B,1.78%
2/5/2020,"2,259.90","2,241.00","2,262.42","2,232.19",2.46B,0.98%
2/6/2020,"2,259.86","2,266.98","2,273.11","2,252.24",2.42B,0.00%
2/7/2020,"2,257.67","2,260.29","2,265.67","2,244.51",2.00B,-0.10%
2/11/2020,"2,238.11","2,262.97","2,264.84","2,236.65",1.87B,-0.87%
2/12/2020,"2,265.29","2,250.47","2,271.36","2,247.19",1.94B,1.21%
02/13/2020,"2,251.10","2,263.61","2,268.13","2,247.81",1.50B,-0.63%
02/14/2020,"2,241.63","2,258.51","2,263.47","2,237.89",2.08B,-0.42%
02/17/2020,"2,249.17","2,245.63","2,255.44","2,240.30",1.45B,0.34%
02/18/2020,"2,226.94","2,237.37","2,239.73","2,221.59",1.49B,-0.99%
02/19/2020,"2,216.85","2,233.71","2,243.93","2,210.91",2.00B,-0.45%
02/20/2020,"2,193.65","2,215.81","2,216.49","2,181.66",2.18B,-1.05%
02/21/2020,"2,201.09","2,174.08","2,201.23","2,170.95",1.95B,0.34%
02/24/2020,"2,109.99","2,165.90","2,168.13","2,109.99",2.56B,-4.14%
02/25/2020,"2,120.87","2,113.63","2,134.51","2,084.00",2.93B,0.52%
02/26/2020,"2,009.72","2,099.10","2,105.55","2,009.72",3.75B,-5.24%
02/27/2020,"2,056.39","2,019.01","2,062.85","1,993.18",2.76B,2.32%
02/28/2020,"1,969.26","1,980.35","1,998.32","1,961.35",2.96B,-4.24%
3/2/2020,"1,966.02","1,998.11","2,004.07","1,935.25",2.71B,-0.16%
3/3/2020,"2,030.75","2,004.51","2,040.68","1,992.75",2.64B,3.29%
3/4/2020,"2,033.22","2,007.84","2,039.16","2,002.39",2.02B,0.12%
3/5/2020,"2,048.82","2,053.49","2,079.48","2,048.82",2.37B,0.77%
3/6/2020,"2,004.37","2,019.37","2,022.43","1,996.56",1.96B,-2.17%
3/9/2020,"1,822.83","1,845.81","1,897.90","1,811.53",4.08B,-9.06%
3/10/2020,"1,848.86","1,835.43","1,874.98","1,828.04",2.91B,1.43%
3/11/2020,"1,813.25","1,843.83","1,867.11","1,790.71",2.62B,-1.93%
3/12/2020,"1,599.98","1,699.41","1,705.74","1,568.71",4.64B,-11.76%
03/13/2020,"1,641.89","1,438.91","1,702.81","1,383.71",5.54B,2.62%
03/16/2020,"1,511.41","1,551.64","1,606.94","1,506.72",3.37B,-7.95%
03/17/2020,"1,494.37","1,513.60","1,555.15","1,494.37",3.10B,-1.13%
03/18/2020,"1,515.84","1,524.87","1,563.39","1,478.88",2.86B,1.44%
03/19/2020,"1,512.46","1,467.66","1,523.32","1,455.59",2.99B,-0.22%
03/20/2020,"1,651.40","1,568.95","1,662.66","1,554.25",4.43B,9.19%
03/23/2020,"1,484.85","1,514.92","1,552.74","1,483.24",3.06B,-10.09%
03/24/2020,"1,505.34","1,554.55","1,560.06","1,486.61",3.15B,1.38%
03/25/2020,"1,583.89","1,556.21","1,617.98","1,533.45",3.35B,5.22%
03/26/2020,"1,603.71","1,574.29","1,623.49","1,569.92",2.96B,1.25%
03/27/2020,"1,610.90","1,638.69","1,655.51","1,594.12",3.15B,0.45%
03/30/2020,"1,589.79","1,589.99","1,602.62","1,566.73",1.89B,-1.31%
03/31/2020,"1,648.71","1,626.07","1,652.32","1,615.62",3.15B,3.71%
4/1/2020,"1,614.84","1,633.78","1,659.50","1,614.69",2.92B,-2.05%
4/2/2020,"1,672.52","1,629.55","1,682.05","1,615.41",5.10B,3.57%
4/3/2020,"1,671.79","1,694.44","1,704.77","1,657.95",4.68B,-0.04%
4/7/2020,"1,798.92","1,752.06","1,808.83","1,729.63",4.38B,7.60%
4/8/2020,"1,780.50","1,776.24","1,796.64","1,759.83",3.88B,-1.02%
4/9/2020,"1,785.34","1,804.34","1,840.98","1,771.54",3.96B,0.27%
4/10/2020,"1,812.02","1,777.91","1,812.22","1,774.31",2.63B,1.49%
04/13/2020,"1,823.12","1,813.48","1,824.64","1,797.71",2.57B,0.61%
04/14/2020,"1,851.77","1,848.68","1,870.81","1,826.68",3.81B,1.57%
04/15/2020,"1,815.18","1,845.05","1,857.88","1,812.46",3.16B,-1.98%
04/16/2020,"1,755.73","1,797.83","1,807.07","1,755.72",2.92B,-3.28%
04/17/2020,"1,823.48","1,806.87","1,825.19","1,786.73",2.68B,3.86%
04/20/2020,"1,868.81","1,826.81","1,882.19","1,818.73",3.11B,2.49%
04/21/2020,"1,843.07","1,835.29","1,858.62","1,828.21",2.91B,-1.38%
04/22/2020,"1,856.46","1,830.05","1,858.97","1,806.46",3.00B,0.73%
04/23/2020,"1,869.26","1,863.02","1,879.74","1,851.32",2.91B,0.69%
04/24/2020,"1,843.41","1,871.71","1,880.28","1,838.62",2.95B,-1.38%
04/27/2020,"1,857.04","1,863.93","1,866.89","1,842.70",1.69B,0.74%
04/28/2020,"1,869.96","1,857.43","1,884.26","1,845.75",2.52B,0.70%
04/29/2020,"1,879.33","1,883.13","1,889.62","1,870.47",2.75B,0.50%
04/30/2020,"1,913.35","1,905.91","1,913.35","1,896.20",3.59B,1.81%
5/5/2020,"1,876.24","1,889.62","1,894.15","1,874.44",2.76B,-1.94%
5/7/2020,"1,845.47","1,868.73","1,874.67","1,835.28",3.18B,-1.64%
5/8/2020,"1,858.03","1,858.50","1,866.70","1,842.12",2.26B,0.68%
5/11/2020,"1,891.72","1,876.85","1,903.51","1,875.34",2.70B,1.81%
5/12/2020,"1,911.06","1,888.55","1,916.11","1,884.80",2.77B,1.02%
05/13/2020,"1,900.80","1,905.49","1,915.99","1,894.11",3.03B,-0.54%
05/14/2020,"1,876.37","1,886.50","1,893.20","1,869.35",2.91B,-1.29%
05/15/2020,"1,875.19","1,886.93","1,890.25","1,872.63",2.47B,-0.06%
05/18/2020,"1,885.02","1,891.17","1,901.40","1,880.08",2.96B,0.52%
05/19/2020,"1,922.60","1,924.01","1,938.19","1,914.78",3.87B,1.99%
05/20/2020,"1,941.71","1,924.54","1,941.73","1,917.17",3.94B,0.99%
05/21/2020,"1,939.50","1,955.71","1,959.92","1,929.34",3.88B,-0.11%
05/22/2020,"1,911.21","1,919.66","1,922.61","1,883.78",3.74B,-1.46%
05/25/2020,"1,936.70","1,917.37","1,941.43","1,907.39",4.54B,1.33%
05/26/2020,"1,960.27","1,961.75","1,977.66","1,954.85",5.65B,1.22%
05/27/2020,"1,974.78","1,963.55","1,975.71","1,946.37",4.74B,0.74%
05/28/2020,"1,960.86","1,992.41","1,995.63","1,960.86",4.18B,-0.70%
05/29/2020,"1,974.61","1,955.09","1,974.81","1,938.63",5.83B,0.70%
6/1/2020,"1,988.88","1,994.57","2,005.52","1,983.03",5.44B,0.72%
6/2/2020,"2,026.48","2,003.81","2,026.51","1,996.56",5.00B,1.89%
6/4/2020,"2,084.30","2,064.35","2,089.40","2,057.37",6.66B,2.85%
6/5/2020,"2,124.48","2,091.36","2,130.51","2,069.23",5.74B,1.93%
6/8/2020,"2,125.35","2,147.48","2,157.28","2,113.11",5.82B,0.04%
6/9/2020,"2,074.03","2,123.95","2,140.46","2,062.78",5.60B,-2.41%
6/10/2020,"2,092.39","2,088.82","2,101.13","2,064.56",3.88B,0.89%
6/11/2020,"2,055.15","2,082.58","2,096.83","2,035.10",7.77B,-1.78%
6/12/2020,"2,032.00","1,995.82","2,039.23","1,988.17",8.69B,-1.13%
06/15/2020,"1,963.91","2,014.32","2,025.22","1,956.95",6.45B,-3.35%
06/16/2020,"2,006.81","2,020.12","2,022.86","1,998.43",6.76B,2.18%
06/17/2020,"2,020.42","1,997.96","2,029.22","1,990.95",5.07B,0.68%
06/18/2020,"2,013.38","1,991.12","2,021.16","1,988.87",5.86B,-0.35%
06/19/2020,"2,007.45","2,019.13","2,024.77","2,003.27",3.50B,-0.29%
06/22/2020,"1,977.83","1,989.16","2,004.15","1,970.56",3.45B,-1.48%
06/23/2020,"1,985.42","1,990.09","1,994.07","1,976.63",2.89B,0.38%
06/24/2020,"1,948.06","1,994.31","1,999.43","1,947.59",3.73B,-1.88%
06/25/2020,"1,937.53","1,923.66","1,938.57","1,906.41",3.70B,-0.54%
06/26/2020,"1,943.90","1,953.07","1,965.60","1,939.10",2.46B,0.33%
06/29/2020,"1,944.37","1,927.83","1,944.42","1,915.40",2.50B,0.02%
06/30/2020,"1,959.01","1,968.84","1,980.43","1,959.01",2.94B,0.75%
7/1/2020,"1,976.29","1,969.63","1,977.19","1,945.31",3.27B,0.88%
7/2/2020,"2,018.61","1,989.75","2,022.67","1,983.73",3.23B,2.14%
7/3/2020,"2,013.48","2,023.10","2,027.58","2,010.45",4.92B,-0.25%
7/7/2020,"2,012.33","2,040.23","2,044.93","2,012.26",5.61B,-0.06%
7/8/2020,"1,992.36","2,009.07","2,021.72","1,990.36",2.94B,-0.99%
7/9/2020,"1,996.13","2,000.28","2,006.54","1,983.91",3.18B,0.19%
7/10/2020,"1,967.56","1,981.91","1,990.84","1,960.35",2.75B,-1.43%
07/13/2020,"1,953.50","1,986.13","1,988.76","1,948.65",3.44B,-0.71%
07/14/2020,"1,952.19","1,936.66","1,955.21","1,926.21",2.80B,-0.07%
07/15/2020,"1,975.39","1,970.38","1,981.20","1,959.65",2.62B,1.19%
07/16/2020,"1,962.90","1,974.46","1,979.76","1,955.25",1.88B,-0.63%
07/17/2020,"1,982.12","1,971.05","1,985.27","1,964.93",2.16B,0.98%
07/20/2020,"1,979.01","1,979.63","1,992.55","1,968.94",2.15B,-0.16%
07/21/2020,"2,009.29","1,994.14","2,013.85","1,992.19",2.86B,1.53%
07/22/2020,"1,975.74","2,015.03","2,017.40","1,975.35",2.78B,-1.67%
07/23/2020,"1,978.87","1,975.32","1,986.14","1,960.76",2.57B,0.16%
07/24/2020,"1,947.28","1,959.04","1,962.40","1,940.01",2.22B,-1.60%
07/29/2020,"1,938.38","1,953.62","1,960.26","1,936.32",2.21B,-0.46%
07/30/2020,"1,899.86","1,947.55","1,951.03","1,895.13",3.79B,-1.99%
07/31/2020,"1,922.18","1,897.63","1,922.39","1,879.19",2.84B,1.17%
8/3/2020,"1,903.83","1,914.29","1,915.66","1,891.23",2.22B,-0.95%
8/4/2020,"1,922.08","1,920.40","1,933.01","1,916.47",2.40B,0.96%
8/5/2020,"1,932.47","1,928.93","1,939.69","1,913.80",2.50B,0.54%
8/6/2020,"1,927.78","1,928.96","1,948.29","1,927.78",2.46B,-0.24%
8/7/2020,"1,912.99","1,924.55","1,926.96","1,907.60",1.84B,-0.77%
8/10/2020,"1,908.57","1,917.17","1,922.27","1,908.37",1.35B,-0.23%
8/11/2020,"1,933.27","1,928.28","1,944.41","1,924.58",3.14B,1.29%
08/13/2020,"1,953.18","1,954.36","1,963.28","1,946.84",3.45B,1.03%
08/14/2020,"1,922.55","1,950.88","1,954.86","1,918.64",2.33B,-1.57%
08/17/2020,"1,916.38","1,928.38","1,932.16","1,907.11",2.18B,-0.32%
08/18/2020,"1,931.22","1,916.49","1,931.46","1,916.00",2.23B,0.77%
08/19/2020,"1,894.14","1,933.46","1,935.39","1,883.82",3.22B,-1.92%
08/20/2020,"1,873.29","1,874.75","1,887.43","1,868.04",2.12B,-1.10%
08/21/2020,"1,874.74","1,887.73","1,891.28","1,870.17",1.65B,0.08%
08/24/2020,"1,903.44","1,884.85","1,905.61","1,873.97",2.37B,1.53%
08/25/2020,"1,904.09","1,917.78","1,922.20","1,902.85",2.43B,0.03%
08/26/2020,"1,912.29","1,906.69","1,914.90","1,894.18",2.10B,0.43%
08/27/2020,"1,918.32","1,911.66","1,927.06","1,908.53",2.30B,0.32%
08/28/2020,"1,910.78","1,932.30","1,936.91","1,905.07",2.27B,-0.39%
08/31/2020,"1,888.52","1,919.92","1,927.85","1,886.20",2.41B,-1.16%
9/1/2020,"1,880.34","1,892.41","1,897.72","1,872.72",2.01B,-0.43%
9/2/2020,"1,894.66","1,877.91","1,895.66","1,871.91",1.69B,0.76%
9/3/2020,"1,888.31","1,900.53","1,904.48","1,882.24",1.67B,-0.34%
9/8/2020,"1,861.17","1,879.07","1,879.48","1,859.04",1.85B,-1.44%
9/9/2020,"1,858.80","1,836.90","1,862.52","1,832.23",2.18B,-0.13%
9/10/2020,"1,854.88","1,861.16","1,867.18","1,847.02",2.33B,-0.21%
9/11/2020,"1,837.44","1,852.30","1,862.33","1,835.72",2.68B,-0.94%
09/14/2020,"1,825.00","1,846.24","1,849.45","1,821.94",1.87B,-0.68%
09/15/2020,"1,845.89","1,832.40","1,847.62","1,826.86",2.09B,1.14%
09/16/2020,"1,857.82","1,846.75","1,861.85","1,841.76",2.26B,0.65%
09/17/2020,"1,842.24","1,849.75","1,854.63","1,835.01",2.34B,-0.84%
09/18/2020,"1,847.55","1,847.44","1,855.52","1,834.63",2.50B,0.29%
09/21/2020,"1,824.00","1,855.58","1,858.65","1,820.59",2.01B,-1.27%
09/22/2020,"1,808.85","1,817.17","1,823.01","1,800.74",1.80B,-0.83%
09/23/2020,"1,799.09","1,814.66","1,816.59","1,795.55",2.28B,-0.54%
09/24/2020,"1,768.11","1,784.38","1,791.41","1,759.95",2.51B,-1.72%
09/25/2020,"1,764.58","1,774.57","1,783.60","1,759.44",1.90B,-0.20%
09/28/2020,"1,798.11","1,774.80","1,800.43","1,774.64",1.67B,1.90%
09/29/2020,"1,785.99","1,803.62","1,805.23","1,780.56",1.66B,-0.67%
09/30/2020,"1,752.71","1,788.92","1,791.05","1,751.97",2.02B,-1.86%
10/1/2020,"1,768.87","1,765.03","1,775.37","1,745.42",2.15B,0.92%
10/2/2020,"1,746.91","1,763.51","1,764.96","1,737.49",2.29B,-1.24%
10/5/2020,"1,756.81","1,760.52","1,765.63","1,749.13",1.75B,0.57%
10/6/2020,"1,769.60","1,771.57","1,780.04","1,765.46",2.61B,0.73%
10/7/2020,"1,791.88","1,764.96","1,793.18","1,759.40",2.43B,1.26%
10/8/2020,"1,807.76","1,801.80","1,820.90","1,798.03",3.35B,0.89%
10/9/2020,"1,796.99","1,814.99","1,817.25","1,791.08",2.52B,-0.60%
10/12/2020,"1,805.96","1,800.14","1,814.37","1,792.14",2.07B,0.50%
10/14/2020,"1,787.92","1,797.64","1,800.95","1,777.53",2.35B,-1.00%
10/15/2020,"1,757.31","1,772.64","1,778.99","1,754.12",2.60B,-1.71%
10/16/2020,"1,744.39","1,761.68","1,765.95","1,733.52",2.17B,-0.74%
10/19/2020,"1,708.00","1,725.75","1,727.88","1,700.89",2.36B,-2.09%
10/20/2020,"1,709.89","1,701.93","1,724.14","1,693.67",1.99B,0.11%
10/21/2020,"1,720.22","1,720.60","1,728.76","1,710.42",2.15B,0.60%
10/22/2020,"1,716.16","1,716.16","1,733.38","1,700.18",2.37B,-0.24%
10/26/2020,"1,705.63","1,714.47","1,717.36","1,700.77",1.48B,-0.61%
10/27/2020,"1,707.96","1,692.60","1,713.22","1,686.21",1.85B,0.14%
10/28/2020,"1,704.23","1,704.34","1,721.43","1,700.88",2.24B,-0.22%
10/29/2020,"1,693.32","1,691.70","1,702.56","1,683.75",1.99B,-0.64%
10/30/2020,"1,682.72","1,697.35","1,698.47","1,669.20",2.22B,-0.63%
11/2/2020,"1,693.19","1,684.88","1,694.71","1,676.13",2.08B,0.62%
11/3/2020,"1,726.50","1,705.45","1,728.90","1,705.21",2.59B,1.97%
11/4/2020,"1,724.65","1,728.68","1,741.48","1,712.73",2.45B,-0.11%
11/5/2020,"1,796.18","1,744.58","1,801.01","1,741.22",3.55B,4.15%
11/6/2020,"1,790.47","1,797.60","1,806.80","1,775.40",3.32B,-0.32%
11/9/2020,"1,834.32","1,825.60","1,850.49","1,819.23",3.83B,2.45%
11/10/2020,"1,944.93","1,919.55","1,953.59","1,887.84",7.62B,6.03%
11/11/2020,"1,951.97","1,965.49","1,971.62","1,927.30",4.88B,0.36%
11/12/2020,"1,932.44","1,942.09","1,943.28","1,917.09",3.52B,-1.00%
11/13/2020,"1,949.24","1,921.36","1,960.16","1,916.30",5.02B,0.87%
11/16/2020,"1,955.67","1,972.20","1,980.14","1,955.25",3.96B,0.33%
11/17/2020,"1,952.02","1,964.58","1,979.05","1,943.65",4.51B,-0.19%
11/18/2020,"1,977.56","1,944.43","1,977.63","1,936.07",2.93B,1.31%
11/19/2020,"1,981.06","1,974.06","1,992.27","1,971.77",3.25B,0.18%
11/20/2020,"2,013.16","1,979.88","2,014.64","1,976.41",4.61B,1.62%
11/23/2020,"2,062.78","2,025.43","2,066.57","2,022.09",6.88B,2.46%
11/24/2020,"2,030.61","2,078.14","2,083.59","2,029.41",5.98B,-1.56%
11/25/2020,"2,054.83","2,056.58","2,075.84","2,013.94",5.19B,1.19%
11/26/2020,"2,076.01","2,063.16","2,077.15","2,054.47",3.36B,1.03%
11/27/2020,"2,078.38","2,070.07","2,089.06","2,064.84",3.81B,0.11%
11/30/2020,"2,028.65","2,061.40","2,071.26","2,028.20",8.12B,-2.39%
12/1/2020,"2,050.63","2,044.07","2,066.75","2,042.00",4.46B,1.08%
12/2/2020,"2,045.74","2,041.46","2,066.44","2,039.46",4.05B,-0.24%
12/3/2020,"2,076.01","2,055.64","2,079.35","2,049.64",4.18B,1.48%
12/4/2020,"2,094.34","2,077.41","2,103.87","2,076.41",5.10B,0.88%
12/8/2020,"2,129.41","2,089.82","2,139.40","2,079.06",7.80B,1.67%
12/9/2020,"2,131.90","2,144.31","2,157.13","2,118.36",6.52B,0.12%
12/14/2020,"2,111.04","2,140.56","2,148.62","2,105.78",5.67B,-0.98%
12/15/2020,"2,114.59","2,097.63","2,116.43","2,083.99",5.42B,0.17%
12/16/2020,"2,121.15","2,130.09","2,132.53","2,108.68",9.16B,0.31%
12/17/2020,"2,120.24","2,128.61","2,141.55","2,118.79",16.85B,-0.04%
12/18/2020,"2,116.85","2,121.44","2,130.57","2,103.80",5.13B,-0.16%
12/21/2020,"1,992.04","2,036.55","2,070.40","1,991.67",8.02B,-5.90%
12/22/2020,"2,023.51","1,997.32","2,033.00","1,969.23",5.82B,1.58%
12/23/2020,"2,000.37","2,020.02","2,047.74","2,000.31",5.42B,-1.14%
12/24/2020,"2,036.57","2,007.22","2,042.23","1,992.44",5.24B,1.81%
12/25/2020,"2,056.64","2,047.57","2,061.82","2,041.22",4.61B,0.99%
12/28/2020,"2,026.21","2,072.44","2,073.40","2,025.70",4.49B,-1.48%
12/29/2020,"2,066.08","2,037.11","2,066.08","2,031.53",3.32B,1.97%
12/30/2020,"2,037.03","2,074.17","2,077.26","2,030.60",4.31B,-1.41%
1/4/2021,"2,068.37","2,005.70","2,068.39","1,999.76",4.71B,1.54%
1/5/2021,"2,132.34","2,066.75","2,132.35","2,063.41",6.04B,3.09%
1/6/2021,"2,105.23","2,130.30","2,141.36","2,094.62",7.71B,-1.27%
1/7/2021,"2,137.38","2,133.26","2,146.71","2,119.00",7.77B,1.53%
1/8/2021,"2,178.64","2,160.69","2,179.57","2,152.23",5.92B,1.93%
1/11/2021,"2,175.10","2,182.71","2,201.98","2,161.44",3.82B,-0.16%
1/12/2021,"2,178.47","2,173.69","2,183.95","2,159.47",3.24B,0.15%
01/13/2021,"2,189.87","2,191.70","2,214.41","2,182.35",4.37B,0.52%
01/14/2021,"2,170.26","2,185.20","2,199.21","2,166.60",3.70B,-0.90%
01/15/2021,"2,142.20","2,171.07","2,183.49","2,134.05",3.57B,-1.29%
01/18/2021,"2,125.84","2,128.38","2,136.57","2,114.16",2.64B,-0.76%
01/19/2021,"2,146.20","2,140.54","2,157.61","2,139.45",3.04B,0.96%
01/20/2021,"2,135.64","2,149.00","2,157.59","2,127.52",3.45B,-0.49%
01/21/2021,"2,133.73","2,151.75","2,157.42","2,127.73",4.05B,-0.09%
01/22/2021,"2,109.83","2,125.20","2,140.69","2,102.72",3.32B,-1.12%
01/25/2021,"2,116.40","2,109.84","2,121.03","2,097.55",2.73B,0.31%
01/26/2021,"2,134.45","2,107.77","2,137.91","2,096.01",2.84B,0.85%
01/27/2021,"2,107.43","2,130.41","2,137.65","2,107.43",2.62B,-1.27%
01/28/2021,"2,061.99","2,082.54","2,098.85","2,060.93",3.81B,-2.16%
01/29/2021,"2,060.65","2,077.99","2,081.02","2,042.37",4.55B,-0.06%
2/1/2021,"2,077.57","2,057.74","2,084.15","2,043.41",3.34B,0.82%
2/2/2021,"2,089.05","2,099.58","2,107.62","2,080.09",3.00B,0.55%
2/3/2021,"2,081.12","2,109.12","2,111.71","2,081.02",3.61B,-0.38%
2/4/2021,"2,081.86","2,088.27","2,097.49","2,073.23",3.24B,0.04%
2/5/2021,"2,103.84","2,094.28","2,106.45","2,090.40",3.07B,1.06%
2/8/2021,"2,136.17","2,122.99","2,137.75","2,119.55",4.58B,1.54%
2/9/2021,"2,139.27","2,149.11","2,157.48","2,136.58",3.94B,0.15%
2/10/2021,"2,138.93","2,151.50","2,155.05","2,131.78",2.73B,-0.02%
2/11/2021,"2,125.03","2,145.25","2,146.47","2,116.45",2.18B,-0.65%
02/15/2021,"2,141.70","2,133.62","2,152.18","2,125.88",2.50B,0.78%
02/16/2021,"2,143.00","2,148.62","2,152.97","2,141.35",2.30B,0.06%
02/17/2021,"2,127.61","2,135.89","2,151.20","2,126.22",3.03B,-0.72%
02/18/2021,"2,121.53","2,134.63","2,142.50","2,121.02",2.89B,-0.29%
02/19/2021,"2,104.12","2,110.44","2,115.39","2,092.79",3.07B,-0.82%
02/22/2021,"2,071.99","2,110.28","2,111.96","2,068.93",3.34B,-1.53%
02/23/2021,"2,107.42","2,087.66","2,118.69","2,085.29",2.74B,1.71%
02/24/2021,"2,094.02","2,112.83","2,119.18","2,085.26",2.70B,-0.64%
02/25/2021,"2,105.49","2,122.72","2,128.69","2,101.07",3.87B,0.55%
3/1/2021,"2,111.87","2,101.19","2,120.11","2,092.96",3.19B,0.30%
3/2/2021,"2,112.43","2,115.63","2,122.71","2,108.47",2.98B,0.03%
3/3/2021,"2,176.34","2,123.06","2,176.34","2,122.69",4.60B,3.03%
3/4/2021,"2,154.76","2,161.54","2,168.09","2,147.74",3.88B,-0.99%
3/5/2021,"2,165.92","2,148.25","2,184.01","2,146.33",4.24B,0.52%
3/8/2021,"2,164.58","2,189.55","2,195.05","2,158.48",4.25B,-0.06%
3/9/2021,"2,171.59","2,179.02","2,182.29","2,151.00",3.71B,0.32%
3/10/2021,"2,203.12","2,174.70","2,205.02","2,169.93",4.48B,1.45%
3/11/2021,"2,208.57","2,217.69","2,221.46","2,197.93",4.32B,0.25%
3/12/2021,"2,197.65","2,215.67","2,223.77","2,189.10",4.24B,-0.49%
03/15/2021,"2,190.10","2,204.76","2,208.88","2,184.70",3.08B,-0.34%
03/16/2021,"2,186.15","2,194.75","2,202.15","2,182.74",4.58B,-0.18%
03/17/2021,"2,190.84","2,183.44","2,198.76","2,177.37",3.59B,0.21%
03/18/2021,"2,189.10","2,211.35","2,217.54","2,187.72",3.67B,-0.08%
03/19/2021,"2,176.48","2,176.66","2,182.87","2,164.37",3.74B,-0.58%
03/22/2021,"2,177.25","2,174.42","2,187.24","2,160.89",2.75B,0.04%
03/23/2021,"2,173.93","2,185.74","2,189.01","2,170.10",4.08B,-0.15%
03/24/2021,"2,182.35","2,162.82","2,182.35","2,159.38",3.33B,0.39%
03/25/2021,"2,182.62","2,188.89","2,195.21","2,179.77",3.73B,0.01%
03/26/2021,"2,187.42","2,192.03","2,198.42","2,176.65",3.78B,0.22%
03/29/2021,"2,198.00","2,199.09","2,213.75","2,196.07",3.23B,0.48%
03/30/2021,"2,207.07","2,206.07","2,214.36","2,199.69",4.31B,0.41%
03/31/2021,"2,203.56","2,210.68","2,213.03","2,199.79",2.40B,-0.16%
4/1/2021,"2,214.57","2,213.43","2,223.32","2,206.04",2.85B,0.50%
4/2/2021,"2,215.68","2,226.51","2,231.38","2,213.48",4.02B,0.05%
4/5/2021,"2,190.24","2,219.52","2,222.97","2,184.29",4.10B,-1.15%
4/7/2021,"2,157.21","2,170.87","2,179.47","2,155.60",4.30B,-1.51%
4/8/2021,"2,159.57","2,154.14","2,167.29","2,150.53",2.90B,0.11%
4/9/2021,"2,170.57","2,164.04","2,180.30","2,163.26",2.82B,0.51%
4/12/2021,"2,135.81","2,162.80","2,163.70","2,131.65",2.99B,-1.60%
04/16/2021,"2,148.94","2,143.74","2,150.00","2,124.10",3.50B,0.61%
04/19/2021,"2,182.50","2,156.46","2,184.32","2,151.76",2.77B,1.56%
04/20/2021,"2,189.41","2,179.83","2,193.13","2,174.02",3.06B,0.32%
04/21/2021,"2,185.32","2,181.34","2,193.27","2,179.87",2.17B,-0.19%
04/22/2021,"2,164.44","2,192.48","2,195.04","2,158.68",2.99B,-0.96%
04/23/2021,"2,143.07","2,157.22","2,158.58","2,137.50",3.06B,-0.99%
04/26/2021,"2,146.98","2,140.54","2,151.53","2,128.20",2.81B,0.18%
04/27/2021,"2,146.23","2,151.84","2,161.27","2,137.21",3.05B,-0.03%
04/28/2021,"2,169.24","2,153.81","2,172.61","2,149.51",3.16B,1.07%
04/29/2021,"2,191.34","2,181.64","2,195.02","2,180.21",4.10B,1.02%
04/30/2021,"2,173.52","2,190.59","2,193.37","2,172.42",3.00B,-0.81%
5/5/2021,"2,117.45","2,169.28","2,171.82","2,114.31",4.19B,-2.58%
5/6/2021,"2,151.46","2,123.49","2,158.70","2,120.16",2.77B,1.61%
5/7/2021,"2,172.90","2,167.83","2,179.46","2,159.30",2.62B,1.00%
5/10/2021,"2,180.97","2,192.63","2,192.94","2,161.24",2.61B,0.37%
5/11/2021,"2,171.96","2,165.09","2,185.20","2,153.64",3.39B,-0.41%
5/12/2021,"2,163.29","2,168.24","2,172.21","2,139.50",3.63B,-0.40%
05/13/2021,"2,129.97","2,136.39","2,145.72","2,067.45",5.04B,-1.54%
05/14/2021,"2,130.59","2,139.09","2,143.87","2,106.08",3.34B,0.03%
05/17/2021,"2,131.20","2,121.30","2,139.94","2,104.20",2.90B,0.03%
05/18/2021,"2,154.56","2,147.86","2,161.06","2,145.14",2.86B,1.10%
05/19/2021,"2,144.85","2,144.84","2,157.46","2,139.30",2.92B,-0.45%
05/20/2021,"2,135.63","2,149.29","2,155.18","2,133.96",3.11B,-0.43%
05/21/2021,"2,133.16","2,142.82","2,143.87","2,121.96",3.11B,-0.12%
05/24/2021,"2,131.21","2,136.21","2,143.86","2,124.31",2.53B,-0.09%
05/25/2021,"2,158.33","2,148.77","2,162.93","2,143.15",2.48B,1.27%
05/27/2021,"2,179.34","2,160.61","2,188.25","2,157.04",4.25B,0.97%
05/28/2021,"2,176.58","2,190.14","2,196.95","2,173.49",2.94B,-0.13%
05/31/2021,"2,189.79","2,176.71","2,192.31","2,168.54",2.44B,0.61%
6/1/2021,"2,231.56","2,204.00","2,234.46","2,196.79",3.69B,1.91%
6/2/2021,"2,227.05","2,240.20","2,243.97","2,220.60",4.97B,-0.20%
6/4/2021,"2,214.16","2,219.15","2,232.01","2,213.83",3.67B,-0.58%
6/7/2021,"2,215.61","2,224.51","2,235.85","2,213.76",3.58B,0.07%
6/8/2021,"2,216.04","2,218.36","2,225.21","2,203.49",5.74B,0.02%
6/9/2021,"2,236.10","2,223.30","2,239.66","2,223.02",3.41B,0.91%
6/10/2021,"2,232.44","2,244.38","2,251.06","2,230.46",4.12B,-0.16%
6/11/2021,"2,251.77","2,242.04","2,252.38","2,238.07",3.86B,0.87%
06/14/2021,"2,247.66","2,259.47","2,261.52","2,240.50",5.00B,-0.18%
06/15/2021,"2,228.30","2,248.31","2,250.94","2,223.02",3.87B,-0.86%
06/16/2021,"2,231.89","2,229.13","2,242.58","2,223.32",4.11B,0.16%
06/17/2021,"2,219.57","2,225.02","2,239.79","2,216.89",3.27B,-0.55%
06/18/2021,"2,214.30","2,222.35","2,226.47","2,201.01",5.14B,-0.24%
06/21/2021,"2,196.54","2,191.19","2,198.43","2,181.99",4.40B,-0.80%
06/22/2021,"2,194.80","2,210.48","2,214.67","2,194.11",3.52B,-0.08%
06/23/2021,"2,187.62","2,205.08","2,206.91","2,185.02",3.21B,-0.33%
06/24/2021,"2,180.21","2,180.59","2,183.70","2,158.40",3.87B,-0.34%
06/25/2021,"2,175.86","2,189.56","2,194.69","2,169.15",2.70B,-0.20%
06/28/2021,"2,169.13","2,162.64","2,174.45","2,151.45",3.25B,-0.31%
06/29/2021,"2,184.92","2,172.20","2,193.21","2,170.01",2.67B,0.73%
06/30/2021,"2,177.34","2,193.00","2,198.37","2,171.17",3.31B,-0.35%
7/1/2021,"2,185.11","2,181.92","2,191.16","2,171.72",3.39B,0.36%
7/2/2021,"2,166.37","2,180.62","2,189.07","2,159.37",3.09B,-0.86%
7/5/2021,"2,168.58","2,169.56","2,172.57","2,158.40",2.13B,0.10%
7/6/2021,"2,182.76","2,179.52","2,190.33","2,177.98",2.08B,0.65%
7/7/2021,"2,164.89","2,171.95","2,178.43","2,159.87",3.32B,-0.82%
7/8/2021,"2,120.32","2,147.10","2,151.72","2,114.79",5.68B,-2.06%
7/9/2021,"2,130.97","2,114.84","2,139.37","2,111.24",4.28B,0.50%
7/12/2021,"2,127.12","2,140.15","2,144.75","2,118.79",3.37B,-0.18%
07/13/2021,"2,156.05","2,139.05","2,159.02","2,135.80",2.84B,1.36%
07/14/2021,"2,150.07","2,154.73","2,158.25","2,139.88",2.52B,-0.28%
07/15/2021,"2,153.02","2,157.87","2,165.59","2,150.05",2.51B,0.14%
07/16/2021,"2,154.70","2,147.41","2,157.67","2,144.11",3.93B,0.08%
07/19/2021,"2,128.90","2,132.02","2,140.60","2,121.70",2.72B,-1.20%
07/20/2021,"2,105.27","2,121.80","2,123.73","2,094.31",3.85B,-1.11%
07/21/2021,"2,109.02","2,110.10","2,114.33","2,095.75",3.01B,0.18%
07/22/2021,"2,125.31","2,123.21","2,128.97","2,115.78",2.59B,0.77%
07/23/2021,"2,111.53","2,121.28","2,125.51","2,105.08",2.34B,-0.65%
07/27/2021,"2,097.73","2,114.28","2,120.44","2,087.61",2.13B,-0.65%
07/29/2021,"2,099.09","2,104.24","2,109.21","2,091.47",2.89B,0.06%
07/30/2021,"2,079.28","2,096.61","2,100.42","2,072.37",3.25B,-0.94%
8/2/2021,"2,086.95","2,083.32","2,087.56","2,067.72",2.21B,0.37%
8/3/2021,"2,107.14","2,088.46","2,107.14","2,086.36",2.46B,0.97%
8/4/2021,"2,114.57","2,108.79","2,119.82","2,095.77",1.96B,0.35%
8/5/2021,"2,083.64","2,112.10","2,116.51","2,082.79",2.24B,-1.46%
8/6/2021,"2,075.78","2,087.39","2,099.19","2,064.93",2.35B,-0.38%
8/9/2021,"2,102.31","2,085.26","2,107.94","2,079.58",2.02B,1.28%
8/10/2021,"2,104.74","2,107.86","2,118.06","2,099.96",3.27B,0.12%
8/11/2021,"2,092.60","2,115.67","2,118.58","2,090.97",3.52B,-0.58%
08/13/2021,"2,091.67","2,088.77","2,105.71","2,084.68",3.10B,-0.04%
08/16/2021,"2,098.33","2,090.83","2,102.13","2,072.20",2.96B,0.32%
08/17/2021,"2,116.90","2,107.47","2,120.27","2,100.12",2.83B,0.88%
08/18/2021,"2,127.71","2,120.31","2,136.85","2,117.73",2.74B,0.51%
08/19/2021,"2,113.15","2,118.24","2,129.20","2,112.15",2.33B,-0.68%
08/20/2021,"2,124.53","2,121.97","2,128.00","2,114.64",2.96B,0.54%
08/23/2021,"2,171.37","2,144.34","2,172.74","2,144.10",4.50B,2.20%
08/24/2021,"2,177.20","2,183.28","2,198.17","2,174.37",3.74B,0.27%
08/25/2021,"2,196.79","2,183.18","2,198.18","2,178.12",2.75B,0.90%
08/26/2021,"2,195.59","2,198.10","2,201.09","2,188.35",2.62B,-0.05%
08/27/2021,"2,211.09","2,196.02","2,216.74","2,192.35",3.23B,0.71%
08/30/2021,"2,244.66","2,226.61","2,248.33","2,225.74",3.61B,1.52%
08/31/2021,"2,254.77","2,241.52","2,262.79","2,235.08",3.53B,0.45%
9/1/2021,"2,245.09","2,260.09","2,265.46","2,236.14",2.94B,-0.43%
9/2/2021,"2,268.23","2,245.32","2,275.37","2,242.77",3.14B,1.03%
9/3/2021,"2,271.81","2,277.64","2,283.84","2,261.40",3.34B,0.16%
9/6/2021,"2,265.85","2,273.65","2,277.82","2,259.73",3.35B,-0.26%
9/7/2021,"2,250.09","2,274.22","2,281.85","2,246.66",4.23B,-0.70%
9/8/2021,"2,251.69","2,242.95","2,254.67","2,230.71",2.80B,0.07%
9/9/2021,"2,231.62","2,246.35","2,260.99","2,228.77",3.05B,-0.89%
9/10/2021,"2,239.69","2,237.91","2,247.53","2,218.46",2.68B,0.36%
09/13/2021,"2,233.47","2,236.02","2,250.23","2,226.00",2.66B,-0.28%
09/14/2021,"2,220.47","2,242.26","2,242.79","2,216.93",2.86B,-0.58%
09/15/2021,"2,224.25","2,220.83","2,229.82","2,214.59",2.06B,0.17%
09/16/2021,"2,231.27","2,233.29","2,237.00","2,224.05",2.52B,0.32%
09/17/2021,"2,223.59","2,231.46","2,235.81","2,210.73",3.47B,-0.34%
09/20/2021,"2,190.10","2,209.54","2,214.79","2,185.58",2.38B,-1.51%
09/21/2021,"2,206.52","2,192.77","2,212.10","2,174.23",2.46B,0.75%
09/22/2021,"2,211.35","2,205.29","2,219.15","2,199.49",2.77B,0.22%
09/23/2021,"2,233.71","2,232.46","2,241.49","2,217.86",5.85B,1.01%
09/27/2021,"2,218.44","2,242.47","2,247.02","2,212.07",5.81B,-0.68%
09/28/2021,"2,213.16","2,223.58","2,228.55","2,208.91",3.99B,-0.24%
09/29/2021,"2,212.02","2,194.85","2,221.62","2,193.56",3.73B,-0.05%
09/30/2021,"2,194.43","2,210.69","2,218.09","2,186.83",4.29B,-0.80%
10/1/2021,"2,196.30","2,186.35","2,202.71","2,178.12",3.42B,0.09%
10/4/2021,"2,210.60","2,205.33","2,219.35","2,204.00",3.22B,0.65%
10/5/2021,"2,227.06","2,206.87","2,231.25","2,205.17",3.66B,0.74%
10/6/2021,"2,217.77","2,230.59","2,237.45","2,213.60",4.08B,-0.42%
10/7/2021,"2,236.62","2,227.62","2,244.74","2,222.85",5.27B,0.85%
10/8/2021,"2,244.40","2,249.48","2,253.71","2,238.32",4.26B,0.35%
10/11/2021,"2,237.28","2,251.60","2,256.83","2,231.50",3.83B,-0.32%
10/12/2021,"2,251.71","2,254.46","2,257.75","2,242.19",3.87B,0.64%
10/14/2021,"2,246.79","2,257.48","2,259.19","2,241.03",3.80B,-0.22%
10/15/2021,"2,245.90","2,254.73","2,263.08","2,239.55",3.23B,-0.04%
10/18/2021,"2,254.30","2,250.77","2,261.69","2,247.40",2.80B,0.37%
10/19/2021,"2,234.44","2,261.50","2,263.41","2,228.42",3.77B,-0.88%
10/20/2021,"2,244.72","2,239.24","2,247.95","2,236.64",2.60B,0.46%
10/21/2021,"2,251.16","2,255.34","2,257.70","2,245.12",2.68B,0.29%
10/25/2021,"2,238.18","2,254.05","2,255.91","2,232.20",2.45B,-0.58%
10/26/2021,"2,240.65","2,239.70","2,245.67","2,226.34",2.75B,0.11%
10/27/2021,"2,225.62","2,234.01","2,238.95","2,224.33",2.68B,-0.67%
10/28/2021,"2,223.23","2,223.21","2,234.27","2,217.55",2.81B,-0.11%
10/29/2021,"2,220.55","2,225.87","2,231.04","2,214.89",2.14B,-0.12%
11/1/2021,"2,210.12","2,227.92","2,237.10","2,205.11",2.63B,-0.47%
11/2/2021,"2,220.09","2,215.16","2,224.71","2,203.49",2.69B,0.45%
11/3/2021,"2,210.93","2,223.48","2,228.02","2,204.94",3.81B,-0.41%
11/4/2021,"2,229.49","2,213.70","2,232.96","2,204.18",2.42B,0.84%
11/5/2021,"2,229.26","2,230.57","2,233.88","2,220.02",1.67B,-0.01%
11/8/2021,"2,230.65","2,237.66","2,244.35","2,223.14",3.23B,0.06%
11/9/2021,"2,233.83","2,231.26","2,239.73","2,224.91",2.24B,0.14%
11/10/2021,"2,231.98","2,226.58","2,237.37","2,222.85",2.33B,-0.08%
11/11/2021,"2,234.65","2,229.60","2,238.87","2,225.70",2.37B,0.12%
11/12/2021,"2,234.54","2,241.71","2,247.09","2,233.23",2.34B,0.00%
11/15/2021,"2,244.41","2,238.65","2,250.26","2,238.07",2.66B,0.44%
11/16/2021,"2,252.43","2,249.17","2,259.73","2,244.25",3.62B,0.36%
11/17/2021,"2,252.34","2,255.95","2,264.18","2,249.50",4.56B,0.00%
11/18/2021,"2,259.40","2,249.85","2,265.11","2,248.11",3.72B,0.31%
11/19/2021,"2,248.94","2,262.92","2,267.93","2,244.44",4.28B,-0.46%
11/22/2021,"2,258.99","2,255.15","2,265.16","2,250.21",4.66B,0.45%
11/23/2021,"2,254.68","2,263.21","2,265.81","2,250.00",3.75B,-0.19%
11/24/2021,"2,258.84","2,260.66","2,271.86","2,255.63",3.80B,0.18%
11/25/2021,"2,257.25","2,266.94","2,269.23","2,250.90",3.34B,-0.07%
11/26/2021,"2,199.66","2,241.42","2,243.96","2,195.71",6.35B,-2.55%
11/29/2021,"2,169.64","2,198.29","2,211.70","2,166.98",4.59B,-1.36%
11/30/2021,"2,139.25","2,187.46","2,202.95","2,135.21",5.66B,-1.40%
12/1/2021,"2,168.44","2,152.41","2,171.07","2,130.27",3.25B,1.36%
12/2/2021,"2,168.00","2,157.36","2,169.81","2,150.47",2.08B,-0.02%
12/3/2021,"2,159.43","2,169.84","2,176.19","2,159.17",2.07B,-0.40%
12/7/2021,"2,191.49","2,178.91","2,195.45","2,170.47",2.68B,1.48%
12/8/2021,"2,206.08","2,203.45","2,210.56","2,192.41",3.33B,0.67%
12/9/2021,"2,202.05","2,210.49","2,213.61","2,193.57",3.18B,-0.18%
12/13/2021,"2,212.34","2,214.77","2,218.83","2,200.44",2.98B,0.47%
12/14/2021,"2,220.70","2,202.79","2,221.16","2,196.89",3.03B,0.38%
12/15/2021,"2,205.46","2,214.74","2,220.07","2,203.45",3.02B,-0.69%
12/16/2021,"2,242.78","2,216.40","2,243.01","2,207.07",3.82B,1.69%
12/17/2021,"2,236.03","2,239.18","2,244.12","2,228.82",3.67B,-0.30%
12/20/2021,"2,195.66","2,218.23","2,223.41","2,189.79",2.94B,-1.81%
12/21/2021,"2,204.34","2,207.35","2,215.67","2,199.13",1.75B,0.40%
12/22/2021,"2,210.81","2,213.82","2,219.76","2,207.30",1.70B,0.29%
12/23/2021,"2,233.36","2,221.39","2,242.12","2,220.86",2.80B,1.02%
12/24/2021,"2,231.40","2,236.31","2,239.25","2,226.43",1.91B,-0.09%
12/27/2021,"2,233.08","2,238.30","2,240.07","2,225.82",2.16B,0.08%
12/28/2021,"2,246.98","2,240.20","2,255.63","2,239.80",2.95B,0.62%
12/29/2021,"2,261.52","2,249.24","2,264.44","2,245.99",2.65B,0.65%
12/30/2021,"2,265.16","2,267.10","2,271.28","2,256.16",2.33B,0.16%
1/4/2022,"2,283.56","2,275.76","2,290.26","2,274.43",4.31B,0.81%
1/5/2022,"2,291.71","2,285.87","2,294.56","2,282.09",3.66B,0.36%
1/6/2022,"2,251.78","2,270.43","2,274.15","2,251.09",4.39B,-1.74%
1/7/2022,"2,257.40","2,261.32","2,266.10","2,246.39",3.16B,0.25%
1/10/2022,"2,256.14","2,261.53","2,266.04","2,249.76",2.33B,-0.06%
1/11/2022,"2,268.34","2,257.85","2,269.95","2,257.27",2.93B,0.54%
1/12/2022,"2,283.51","2,281.85","2,287.34","2,274.00",3.12B,0.67%
01/13/2022,"2,282.56","2,286.90","2,290.95","2,275.65",2.90B,-0.04%
01/14/2022,"2,273.11","2,277.66","2,282.75","2,267.23",2.91B,-0.41%
01/17/2022,"2,277.88","2,277.26","2,283.89","2,271.57",2.33B,0.21%
01/18/2022,"2,257.73","2,283.14","2,287.76","2,257.21",3.69B,-0.88%
01/19/2022,"2,257.41","2,255.96","2,269.78","2,249.51",4.04B,-0.01%
01/20/2022,"2,258.06","2,264.23","2,269.39","2,256.74",3.31B,0.03%
01/21/2022,"2,251.59","2,248.47","2,255.96","2,235.95",3.80B,-0.29%
01/24/2022,"2,242.98","2,248.12","2,255.84","2,238.25",3.38B,-0.38%
01/25/2022,"2,243.01","2,235.82","2,244.15","2,221.03",3.23B,0.00%
01/26/2022,"2,255.14","2,252.49","2,262.43","2,248.23",3.51B,0.54%
01/27/2022,"2,246.20","2,239.49","2,246.93","2,221.21",4.02B,-0.40%
01/28/2022,"2,251.24","2,251.07","2,261.07","2,246.64",3.24B,0.22%
01/31/2022,"2,259.88","2,263.67","2,273.25","2,259.64",2.69B,0.38%
2/1/2022,"2,274.11","2,275.68","2,279.00","2,272.02",2.08B,0.63%
2/2/2022,"2,278.83","2,279.96","2,283.11","2,268.26",2.32B,0.21%
2/3/2022,"2,278.03","2,272.76","2,284.55","2,271.87",4.47B,-0.04%
2/4/2022,"2,284.20","2,283.18","2,294.34","2,281.40",2.79B,0.27%
2/7/2022,"2,291.37","2,291.70","2,297.65","2,275.97",3.18B,0.31%
2/8/2022,"2,300.81","2,295.16","2,302.34","2,289.32",3.11B,0.41%
2/9/2022,"2,335.79","2,308.83","2,341.72","2,307.52",5.56B,1.52%
2/10/2022,"2,333.82","2,338.95","2,341.31","2,322.57",4.63B,-0.08%
2/11/2022,"2,328.16","2,319.88","2,334.48","2,314.46",3.91B,-0.24%
02/14/2022,"2,310.97","2,319.69","2,323.05","2,303.75",2.96B,-0.74%
02/15/2022,"2,331.56","2,316.52","2,334.71","2,310.81",3.33B,0.89%
02/17/2022,"2,345.23","2,343.54","2,357.89","2,341.46",4.35B,0.59%
02/18/2022,"2,345.01","2,339.82","2,352.55","2,331.79",3.99B,-0.01%
02/21/2022,"2,310.39","2,341.99","2,342.89","2,306.47",4.59B,-1.48%
02/22/2022,"2,304.38","2,287.70","2,305.21","2,278.64",3.74B,-0.26%
02/23/2022,"2,319.66","2,307.92","2,325.30","2,301.74",2.89B,0.66%
02/24/2022,"2,277.85","2,305.23","2,310.04","2,267.52",5.18B,-1.80%
02/25/2022,"2,297.20","2,296.16","2,304.72","2,283.99",3.04B,0.85%
02/28/2022,"2,305.32","2,294.77","2,313.03","2,280.16",3.08B,0.35%
3/1/2022,"2,318.18","2,318.43","2,328.01","2,312.35",3.22B,0.56%
3/2/2022,"2,318.53","2,318.68","2,326.40","2,308.14",3.59B,0.02%
3/3/2022,"2,325.37","2,335.52","2,343.57","2,317.83",3.58B,0.30%
3/4/2022,"2,289.37","2,313.03","2,315.05","2,289.31",3.30B,-1.55%
3/7/2022,"2,228.01","2,263.70","2,264.89","2,212.53",5.50B,-2.68%
3/8/2022,"2,224.80","2,222.82","2,238.10","2,168.10",6.53B,-0.14%
3/9/2022,"2,255.45","2,234.57","2,255.70","2,209.16",3.93B,1.38%
3/10/2022,"2,263.63","2,268.86","2,278.75","2,256.56",3.30B,0.36%
3/11/2022,"2,278.95","2,256.55","2,281.87","2,249.63",2.37B,0.68%
03/14/2022,"2,284.13","2,275.11","2,286.23","2,268.26",2.14B,0.23%
03/15/2022,"2,262.81","2,277.76","2,286.40","2,254.09",3.04B,-0.93%
03/16/2022,"2,294.20","2,278.52","2,296.37","2,272.95",2.50B,1.39%
03/17/2022,"2,310.10","2,308.26","2,319.79","2,304.09",2.55B,0.69%
03/18/2022,"2,302.94","2,314.88","2,318.08","2,302.92",3.07B,-0.31%
03/21/2022,"2,294.24","2,310.09","2,312.65","2,288.75",2.85B,-0.38%
03/22/2022,"2,298.05","2,292.97","2,302.23","2,289.30",2.35B,0.17%
03/23/2022,"2,291.22","2,305.96","2,309.22","2,290.01",1.91B,-0.30%
03/24/2022,"2,297.50","2,289.22","2,301.94","2,285.99",1.90B,0.27%
03/25/2022,"2,288.65","2,299.50","2,302.12","2,283.30",1.91B,-0.39%
03/28/2022,"2,297.96","2,292.34","2,304.10","2,289.63",1.52B,0.41%
03/29/2022,"2,307.48","2,303.56","2,312.56","2,300.33",1.95B,0.41%
03/30/2022,"2,319.80","2,314.09","2,326.55","2,309.96",2.61B,0.53%
03/31/2022,"2,313.46","2,318.73","2,323.64","2,309.73",1.67B,-0.27%
4/1/2022,"2,321.94","2,310.22","2,323.40","2,306.95",1.85B,0.37%
4/4/2022,"2,321.37","2,326.10","2,328.06","2,315.95",1.83B,-0.02%
4/5/2022,"2,318.49","2,325.04","2,330.86","2,314.18",1.75B,-0.12%
4/7/2022,"2,285.87","2,306.19","2,307.72","2,276.68",2.69B,-1.41%
4/8/2022,"2,287.69","2,289.36","2,296.15","2,277.78",1.91B,0.08%
4/11/2022,"2,278.61","2,282.19","2,286.40","2,270.82",1.87B,-0.40%
4/12/2022,"2,268.60","2,270.37","2,277.49","2,263.41",1.57B,-0.44%
04/18/2022,"2,258.42","2,259.39","2,272.40","2,256.00",2.16B,-0.45%
04/19/2022,"2,261.84","2,270.11","2,277.00","2,261.74",2.24B,0.15%
04/20/2022,"2,266.00","2,264.67","2,275.30","2,259.62",2.24B,0.18%
04/21/2022,"2,276.70","2,274.97","2,283.54","2,270.79",1.82B,0.47%
04/22/2022,"2,272.66","2,269.23","2,273.82","2,258.44",2.37B,-0.18%
04/25/2022,"2,247.69","2,253.11","2,260.07","2,244.42",2.46B,-1.10%
04/26/2022,"2,243.07","2,257.89","2,264.74","2,242.88",2.89B,-0.21%
04/27/2022,"2,237.48","2,241.57","2,245.01","2,227.55",2.13B,-0.25%
04/28/2022,"2,249.37","2,239.23","2,252.52","2,234.45",2.32B,0.53%
04/29/2022,"2,250.62","2,249.76","2,261.15","2,248.43",2.12B,0.06%
5/3/2022,"2,236.62","2,250.06","2,253.11","2,234.36",2.43B,-0.62%
5/5/2022,"2,228.21","2,252.82","2,257.42","2,228.03",2.74B,-0.38%
5/6/2022,"2,204.52","2,205.54","2,215.48","2,196.62",2.60B,-1.06%
5/9/2022,"2,172.44","2,197.24","2,198.57","2,171.43",2.81B,-1.46%
5/10/2022,"2,199.45","2,168.44","2,199.50","2,158.35",3.29B,1.24%
5/11/2022,"2,187.41","2,196.66","2,199.44","2,173.70",2.97B,-0.55%
5/12/2022,"2,157.60","2,179.06","2,180.78","2,147.67",3.25B,-1.36%
05/13/2022,"2,165.05","2,171.44","2,176.93","2,156.28",3.02B,0.35%
05/17/2022,"2,206.61","2,182.47","2,209.26","2,173.04",2.92B,1.92%
05/18/2022,"2,222.38","2,211.92","2,226.45","2,199.90",2.56B,0.71%
05/19/2022,"2,197.25","2,191.00","2,209.01","2,185.51",2.00B,-1.13%
05/20/2022,"2,221.46","2,217.63","2,227.80","2,212.35",2.05B,1.10%
05/23/2022,"2,240.98","2,229.51","2,241.65","2,223.55",1.91B,0.88%
05/24/2022,"2,225.79","2,241.67","2,242.90","2,224.21",2.05B,-0.68%
05/25/2022,"2,222.48","2,233.90","2,246.82","2,221.84",2.17B,-0.15%
05/26/2022,"2,236.78","2,230.85","2,240.70","2,228.39",1.99B,0.64%
05/27/2022,"2,244.54","2,253.20","2,256.45","2,235.89",2.05B,0.35%
05/30/2022,"2,266.59","2,261.12","2,271.55","2,254.96",2.00B,0.98%
05/31/2022,"2,280.45","2,266.16","2,280.59","2,259.27",3.02B,0.61%
6/1/2022,"2,279.94","2,278.22","2,285.37","2,269.81",2.31B,-0.02%
6/2/2022,"2,265.50","2,273.55","2,275.77","2,262.31",1.95B,-0.63%
6/6/2022,"2,263.14","2,269.58","2,272.62","2,246.57",2.07B,-0.10%
6/7/2022,"2,243.27","2,258.14","2,259.75","2,239.19",2.07B,-0.88%
6/8/2022,"2,249.84","2,253.65","2,256.01","2,239.84",1.98B,0.29%
6/9/2022,"2,258.26","2,250.07","2,263.96","2,247.31",3.09B,0.37%
6/10/2022,"2,245.75","2,249.73","2,256.14","2,241.38",2.18B,-0.55%
06/13/2022,"2,200.53","2,216.10","2,222.76","2,197.75",2.53B,-2.01%
06/14/2022,"2,206.10","2,198.54","2,213.60","2,190.67",2.11B,0.25%
06/15/2022,"2,197.04","2,208.75","2,210.57","2,189.38",2.38B,-0.41%
06/16/2022,"2,150.57","2,211.74","2,215.03","2,150.32",3.63B,-2.12%
06/17/2022,"2,149.66","2,140.64","2,164.64","2,129.26",3.90B,-0.04%
06/20/2022,"2,151.78","2,144.42","2,160.52","2,138.44",2.07B,0.10%
06/21/2022,"2,171.79","2,165.93","2,175.64","2,155.32",2.05B,0.93%
06/22/2022,"2,150.83","2,163.81","2,165.63","2,137.00",2.46B,-0.97%
06/23/2022,"2,145.82","2,156.44","2,157.28","2,140.40",1.97B,-0.23%
06/24/2022,"2,159.60","2,159.36","2,162.68","2,145.59",2.01B,0.64%
06/27/2022,"2,177.84","2,173.42","2,184.19","2,170.40",1.95B,0.84%
06/28/2022,"2,199.15","2,178.03","2,202.18","2,171.54",1.75B,0.98%
06/29/2022,"2,186.24","2,188.17","2,191.83","2,179.20",1.53B,-0.59%
06/30/2022,"2,158.78","2,187.70","2,192.51","2,153.19",2.41B,-1.26%
7/1/2022,"2,166.67","2,164.11","2,171.84","2,152.42",1.57B,0.37%
7/4/2022,"2,152.68","2,169.20","2,173.30","2,149.94",1.76B,-0.65%
7/5/2022,"2,133.63","2,162.34","2,168.25","2,128.52",2.76B,-0.88%
7/6/2022,"2,135.32","2,132.35","2,143.03","2,117.77",2.61B,0.08%
7/7/2022,"2,160.53","2,139.58","2,164.34","2,133.94",2.21B,1.18%
7/8/2022,"2,156.41","2,170.64","2,172.25","2,149.82",1.78B,-0.19%
7/11/2022,"2,159.44","2,153.28","2,159.98","2,145.11",1.58B,0.14%
7/12/2022,"2,142.45","2,153.71","2,157.42","2,136.24",1.59B,-0.79%
07/14/2022,"2,127.83","2,137.27","2,145.63","2,119.32",2.12B,-0.68%
07/15/2022,"2,124.45","2,130.74","2,132.71","2,100.04",2.39B,-0.16%
07/18/2022,"2,138.57","2,132.84","2,142.16","2,125.94",1.61B,0.66%
07/19/2022,"2,121.61","2,131.20","2,133.84","2,103.21",1.95B,-0.79%
07/20/2022,"2,127.03","2,133.94","2,136.56","2,119.54",1.80B,0.26%
07/21/2022,"2,135.37","2,125.34","2,139.34","2,119.97",2.03B,0.39%
07/22/2022,"2,146.39","2,143.15","2,151.43","2,129.23",3.45B,0.52%
07/25/2022,"2,155.76","2,147.32","2,160.92","2,137.31",1.55B,0.44%
07/26/2022,"2,149.06","2,160.21","2,163.26","2,146.92",1.69B,-0.31%
07/27/2022,"2,168.17","2,151.06","2,168.90","2,143.46",1.72B,0.89%
8/1/2022,"2,186.08","2,177.32","2,190.26","2,170.69",2.57B,0.83%
8/2/2022,"2,185.89","2,180.75","2,193.01","2,176.72",2.06B,-0.01%
8/3/2022,"2,188.13","2,185.17","2,194.35","2,176.77",1.98B,0.10%
8/4/2022,"2,188.05","2,194.60","2,199.52","2,179.02",2.10B,0.00%
8/5/2022,"2,192.97","2,192.78","2,194.80","2,181.75",2.12B,0.22%
8/8/2022,"2,211.47","2,192.98","2,211.47","2,174.71",2.00B,0.84%
8/9/2022,"2,219.75","2,210.98","2,224.26","2,205.23",1.71B,0.37%
8/10/2022,"2,221.20","2,216.40","2,221.42","2,202.84",2.26B,0.07%
8/11/2022,"2,226.36","2,230.20","2,231.89","2,212.20",2.52B,0.23%
08/15/2022,"2,229.13","2,226.16","2,237.47","2,219.79",2.13B,0.12%
08/16/2022,"2,229.98","2,234.48","2,236.56","2,224.01",2.28B,0.04%
08/17/2022,"2,242.60","2,232.75","2,246.64","2,228.62",2.34B,0.57%
08/18/2022,"2,237.16","2,239.16","2,244.35","2,228.67",1.95B,-0.24%
08/19/2022,"2,225.27","2,233.88","2,239.83","2,221.39",2.10B,-0.53%
08/22/2022,"2,210.19","2,222.23","2,227.27","2,203.80",1.77B,-0.68%
08/23/2022,"2,233.47","2,206.94","2,238.11","2,200.67",2.34B,1.05%
08/24/2022,"2,236.09","2,232.16","2,245.42","2,223.67",2.86B,0.12%
08/25/2022,"2,253.08","2,245.50","2,257.56","2,242.39",2.50B,0.76%
08/26/2022,"2,253.11","2,255.33","2,260.10","2,242.47",2.07B,0.00%
08/29/2022,"2,230.24","2,223.20","2,240.43","2,217.82",2.20B,-1.02%
08/30/2022,"2,250.42","2,234.67","2,253.83","2,230.35",2.02B,0.90%
08/31/2022,"2,254.25","2,238.89","2,258.75","2,235.33",2.51B,0.17%
9/1/2022,"2,228.39","2,248.49","2,253.92","2,221.32",2.46B,-1.15%
9/2/2022,"2,228.64","2,228.90","2,235.01","2,212.55",2.15B,0.01%
9/5/2022,"2,226.55","2,230.31","2,230.70","2,214.99",1.73B,-0.09%
9/6/2022,"2,244.90","2,234.52","2,250.44","2,231.23",1.90B,0.82%
9/7/2022,"2,240.76","2,239.85","2,243.72","2,228.92",1.97B,-0.18%
9/8/2022,"2,236.50","2,249.41","2,254.15","2,231.87",2.26B,-0.19%
9/9/2022,"2,249.77","2,245.25","2,255.24","2,239.21",1.59B,0.59%
9/12/2022,"2,267.01","2,259.84","2,274.67","2,258.94",1.82B,0.77%
09/13/2022,"2,268.31","2,271.90","2,276.45","2,263.27",2.23B,0.06%
09/14/2022,"2,257.30","2,245.27","2,262.38","2,242.51",2.02B,-0.49%
09/15/2022,"2,241.32","2,259.68","2,260.94","2,239.97",2.02B,-0.71%
09/16/2022,"2,220.59","2,236.06","2,238.24","2,217.57",3.14B,-0.92%
09/19/2022,"2,219.61","2,223.81","2,227.50","2,216.21",1.62B,-0.04%
09/20/2022,"2,229.02","2,231.81","2,239.26","2,225.30",1.80B,0.42%
09/21/2022,"2,221.93","2,230.23","2,233.92","2,221.90",2.35B,-0.32%
09/22/2022,"2,235.45","2,217.08","2,242.75","2,209.73",1.92B,0.61%
09/23/2022,"2,215.48","2,234.43","2,239.06","2,214.64",1.75B,-0.89%
09/26/2022,"2,199.31","2,207.97","2,209.58","2,190.32",2.55B,-0.73%
09/27/2022,"2,191.60","2,200.90","2,208.63","2,188.71",2.35B,-0.35%
09/28/2022,"2,171.39","2,176.00","2,182.97","2,167.76",2.34B,-0.92%
09/29/2022,"2,155.00","2,182.59","2,192.92","2,150.81",2.31B,-0.75%
09/30/2022,"2,151.00","2,151.86","2,162.26","2,144.49",1.88B,-0.19%
10/3/2022,"2,110.51","2,147.10","2,156.20","2,107.38",2.52B,-1.88%
10/4/2022,"2,132.66","2,135.16","2,141.12","2,116.96",1.92B,1.05%
10/5/2022,"2,137.30","2,144.76","2,149.71","2,130.02",1.62B,0.22%
10/6/2022,"2,144.24","2,145.59","2,158.94","2,144.08",1.94B,0.32%
10/7/2022,"2,136.06","2,146.06","2,149.14","2,124.83",1.40B,-0.38%
10/10/2022,"2,118.78","2,124.44","2,126.48","2,109.27",2.00B,-0.81%
10/11/2022,"2,110.10","2,113.47","2,118.13","2,103.47",1.75B,-0.41%
10/12/2022,"2,112.08","2,113.33","2,118.77","2,105.64",1.91B,0.09%
10/17/2022,"2,123.11","2,113.96","2,128.05","2,098.34",2.23B,0.52%
10/18/2022,"2,148.26","2,131.67","2,155.46","2,129.69",2.26B,1.18%
10/19/2022,"2,147.84","2,151.24","2,157.43","2,141.37",1.52B,-0.02%
10/20/2022,"2,166.89","2,142.39","2,169.22","2,138.25",2.78B,0.89%
10/21/2022,"2,163.63","2,162.92","2,171.03","2,156.23",2.13B,-0.15%
10/25/2022,"2,174.23","2,173.39","2,177.65","2,165.62",2.67B,0.49%
10/26/2022,"2,176.45","2,181.12","2,185.51","2,171.85",3.27B,0.10%
10/27/2022,"2,193.24","2,182.09","2,198.42","2,176.65",2.45B,0.77%
10/28/2022,"2,194.49","2,194.43","2,199.48","2,181.35",1.61B,0.06%
10/31/2022,"2,199.97","2,207.01","2,213.20","2,193.51",1.77B,0.25%
11/1/2022,"2,223.07","2,207.50","2,228.47","2,205.51",1.96B,1.05%
11/2/2022,"2,225.87","2,226.26","2,233.99","2,219.09",1.61B,0.13%
11/3/2022,"2,221.77","2,218.32","2,227.49","2,215.16",1.68B,-0.18%
11/4/2022,"2,224.63","2,225.97","2,239.85","2,222.28",1.80B,0.13%
11/7/2022,"2,218.79","2,232.41","2,236.79","2,214.07",1.97B,-0.26%
11/8/2022,"2,232.84","2,225.19","2,238.03","2,224.67",1.50B,0.63%
11/9/2022,"2,219.37","2,233.00","2,236.99","2,215.09",1.95B,-0.60%
11/10/2022,"2,217.58","2,205.65","2,223.12","2,201.30",1.71B,-0.08%
11/11/2022,"2,246.82","2,243.56","2,251.27","2,232.03",2.57B,1.32%
11/14/2022,"2,226.57","2,237.56","2,244.22","2,218.76",1.79B,-0.90%
11/15/2022,"2,230.68","2,229.33","2,237.65","2,223.58",2.02B,0.18%
11/16/2022,"2,213.87","2,229.03","2,229.51","2,208.68",1.87B,-0.75%
11/17/2022,"2,204.84","2,208.44","2,211.18","2,197.84",1.58B,-0.41%
11/18/2022,"2,205.41","2,205.16","2,211.05","2,196.07",1.59B,0.03%
11/21/2022,"2,212.70","2,200.30","2,217.29","2,196.82",1.54B,0.33%
11/22/2022,"2,206.05","2,213.81","2,226.65","2,200.78",1.99B,-0.30%
11/23/2022,"2,219.39","2,213.22","2,224.17","2,209.67",1.82B,0.60%
11/24/2022,"2,220.33","2,225.96","2,228.26","2,213.65",1.48B,0.04%
11/25/2022,"2,209.66","2,214.62","2,215.68","2,203.68",1.17B,-0.48%
11/28/2022,"2,202.13","2,200.71","2,208.29","2,195.30",1.25B,-0.34%
11/29/2022,"2,217.52","2,205.56","2,218.74","2,199.50",1.65B,0.70%
11/30/2022,"2,233.03","2,218.78","2,234.49","2,211.66",2.60B,0.70%
12/1/2022,"2,236.53","2,240.79","2,243.59","2,232.38",2.03B,0.16%
12/2/2022,"2,222.33","2,235.37","2,236.52","2,218.94",1.33B,-0.63%
12/6/2022,"2,215.64","2,219.36","2,222.25","2,207.91",2.06B,-0.30%
12/7/2022,"2,205.28","2,214.55","2,224.05","2,203.31",1.62B,-0.47%
12/8/2022,"2,203.05","2,207.28","2,208.41","2,193.39",1.60B,-0.10%
12/9/2022,"2,206.22","2,204.46","2,215.59","2,197.49",1.28B,0.14%
12/13/2022,"2,210.70","2,214.62","2,218.43","2,202.14",1.60B,0.20%
12/14/2022,"2,218.53","2,216.22","2,224.50","2,211.49",2.32B,0.35%
12/15/2022,"2,201.69","2,216.73","2,219.33","2,195.76",2.21B,-0.76%
12/16/2022,"2,203.93","2,194.20","2,205.33","2,190.47",2.83B,0.10%
12/19/2022,"2,201.81","2,202.47","2,209.57","2,193.38",2.02B,-0.10%
12/20/2022,"2,188.01","2,203.16","2,204.93","2,176.31",2.06B,-0.63%
12/21/2022,"2,187.99","2,192.00","2,192.71","2,179.46",1.49B,0.00%
12/22/2022,"2,197.44","2,194.26","2,199.01","2,189.44",1.21B,0.43%
12/23/2022,"2,197.79","2,190.12","2,201.77","2,186.20",1.23B,0.02%
12/26/2022,"2,210.31","2,202.16","2,214.59","2,201.39",963.12M,0.57%
12/27/2022,"2,237.64","2,218.02","2,241.77","2,216.26",1.79B,1.24%
12/28/2022,"2,247.34","2,238.33","2,250.61","2,234.11",1.49B,0.43%
12/29/2022,"2,268.16","2,243.07","2,270.30","2,237.90",1.84B,0.93%
12/30/2022,"2,257.94","2,268.24","2,276.54","2,257.66",2.67B,-0.45%
1/3/2023,"2,274.61","2,268.25","2,281.46","2,264.35",2.19B,0.74%
1/4/2023,"2,264.44","2,274.54","2,283.83","2,256.37",2.35B,-0.45%
1/5/2023,"2,247.94","2,265.24","2,268.20","2,241.97",2.97B,-0.73%
1/6/2023,"2,261.48","2,251.26","2,268.84","2,249.53",2.66B,0.60%
1/9/2023,"2,286.56","2,279.03","2,291.21","2,277.92",2.41B,1.11%
1/10/2023,"2,285.87","2,290.42","2,292.83","2,276.49",2.79B,-0.03%
1/11/2023,"2,274.98","2,287.29","2,289.55","2,268.98",2.35B,-0.48%
1/12/2023,"2,276.39","2,278.57","2,282.53","2,265.18",2.42B,0.06%
01/13/2023,"2,266.49","2,282.50","2,288.55","2,255.53",3.31B,-0.43%
01/16/2023,"2,268.10","2,273.15","2,279.73","2,260.39",1.83B,0.07%
01/17/2023,"2,261.78","2,269.50","2,273.91","2,258.34",1.75B,-0.28%
01/18/2023,"2,268.25","2,263.88","2,274.31","2,258.67",2.12B,0.29%
01/19/2023,"2,273.52","2,262.71","2,276.19","2,261.50",1.81B,0.23%
01/20/2023,"2,255.69","2,271.25","2,272.98","2,247.99",2.77B,-0.78%
01/23/2023,"2,264.62","2,261.33","2,274.48","2,256.16",1.87B,0.40%
01/24/2023,"2,262.22","2,272.98","2,280.32","2,261.77",1.65B,-0.11%
01/25/2023,"2,260.35","2,267.40","2,269.32","2,255.22",2.15B,-0.08%
01/26/2023,"2,244.82","2,260.74","2,263.94","2,238.66",2.48B,-0.69%
01/27/2023,"2,258.37","2,249.27","2,263.10","2,242.27",1.90B,0.60%
01/30/2023,"2,257.99","2,261.13","2,263.63","2,250.73",2.15B,-0.02%
01/31/2023,"2,240.18","2,258.60","2,261.10","2,239.08",2.71B,-0.79%
2/1/2023,"2,261.74","2,247.99","2,265.76","2,246.67",2.13B,0.96%
2/2/2023,"2,257.04","2,266.46","2,273.00","2,255.59",1.77B,-0.21%
2/3/2023,"2,266.42","2,258.91","2,269.90","2,251.60",1.61B,0.42%
2/6/2023,"2,254.50","2,261.61","2,264.44","2,251.40",1.24B,-0.53%
2/7/2023,"2,252.48","2,257.76","2,266.10","2,246.50",1.82B,-0.09%
2/8/2023,"2,237.69","2,256.68","2,259.10","2,234.06",2.12B,-0.66%
2/9/2023,"2,235.89","2,237.66","2,241.02","2,219.49",2.25B,-0.08%
2/10/2023,"2,230.55","2,232.94","2,237.80","2,223.12",1.87B,-0.24%
02/13/2023,"2,233.06","2,225.02","2,239.95","2,221.24",1.62B,0.11%
02/14/2023,"2,219.48","2,238.32","2,240.90","2,213.63",3.32B,-0.61%
02/15/2023,"2,215.65","2,218.23","2,227.17","2,207.96",8.19B,-0.17%
02/16/2023,"2,233.38","2,225.77","2,236.32","2,218.07",1.95B,0.80%
02/17/2023,"2,224.12","2,227.16","2,230.80","2,212.61",2.10B,-0.41%
02/20/2023,"2,230.43","2,229.21","2,234.41","2,221.14",1.79B,0.28%
02/21/2023,"2,244.56","2,233.39","2,246.92","2,221.71",2.12B,0.63%
02/22/2023,"2,230.34","2,239.49","2,242.88","2,225.39",1.80B,-0.63%
02/23/2023,"2,219.83","2,227.35","2,229.60","2,212.15",2.21B,-0.47%
02/24/2023,"2,192.90","2,221.28","2,222.93","2,189.38",2.30B,-1.21%
02/27/2023,"2,183.31","2,192.17","2,197.53","2,181.58",1.77B,-0.44%
02/28/2023,"2,173.13","2,193.64","2,199.37","2,169.60",3.18B,-0.47%
3/1/2023,"2,173.60","2,181.14","2,186.68","2,172.37",1.99B,0.02%
3/2/2023,"2,168.72","2,173.46","2,187.69","2,162.28",2.36B,-0.22%
3/3/2023,"2,159.88","2,171.57","2,172.91","2,155.22",2.53B,-0.41%
3/7/2023,"2,174.14","2,169.94","2,185.25","2,169.13",2.38B,0.66%
3/8/2023,"2,163.49","2,155.19","2,168.76","2,145.12",2.14B,-0.49%
3/9/2023,"2,165.89","2,168.64","2,178.19","2,157.68",2.19B,0.11%
3/10/2023,"2,147.32","2,152.00","2,158.61","2,141.67",1.77B,-0.86%
03/13/2023,"2,111.33","2,139.76","2,155.08","2,110.22",3.35B,-1.68%
03/14/2023,"2,045.80","2,100.21","2,111.47","2,037.92",4.56B,-3.10%
03/15/2023,"2,105.63","2,075.73","2,119.41","2,074.82",2.85B,2.92%
03/16/2023,"2,092.09","2,083.16","2,099.69","2,068.27",2.75B,-0.64%
03/17/2023,"2,107.28","2,107.81","2,120.16","2,094.25",2.83B,0.73%
03/20/2023,"2,092.58","2,101.44","2,115.79","2,075.21",2.35B,-0.70%
03/21/2023,"2,125.55","2,106.02","2,129.68","2,101.91",2.13B,1.58%
03/22/2023,"2,139.67","2,137.77","2,144.41","2,129.33",2.10B,0.66%
03/23/2023,"2,152.16","2,135.42","2,160.34","2,129.14",2.15B,0.58%
03/24/2023,"2,149.56","2,157.33","2,162.27","2,145.43",1.49B,-0.12%
03/27/2023,"2,149.21","2,154.15","2,155.32","2,140.69",1.27B,-0.02%
03/28/2023,"2,167.87","2,161.11","2,169.63","2,159.03",2.08B,0.87%
03/29/2023,"2,175.29","2,175.14","2,181.62","2,162.55",1.57B,0.34%
03/30/2023,"2,169.55","2,175.98","2,181.54","2,160.24",1.58B,-0.26%
03/31/2023,"2,177.85","2,171.44","2,184.54","2,168.56",1.20B,0.38%
4/3/2023,"2,161.33","2,180.38","2,185.85","2,152.97",1.44B,-0.76%
4/4/2023,"2,152.91","2,163.55","2,166.96","2,146.70",1.48B,-0.39%
4/5/2023,"2,118.45","2,152.02","2,153.51","2,115.82",1.75B,-1.60%
4/7/2023,"2,129.12","2,121.68","2,137.89","2,118.34",1.57B,0.50%
4/10/2023,"2,155.96","2,129.02","2,161.94","2,119.59",1.46B,1.26%
4/11/2023,"2,160.90","2,159.37","2,162.86","2,149.56",1.72B,0.23%
4/12/2023,"2,152.81","2,161.75","2,162.51","2,133.79",1.78B,-0.37%
04/17/2023,"2,163.70","2,152.44","2,170.51","2,144.92",1.92B,0.51%
04/18/2023,"2,153.06","2,162.93","2,165.11","2,145.95",1.70B,-0.49%
04/19/2023,"2,134.69","2,143.89","2,155.41","2,131.93",1.94B,-0.85%
04/20/2023,"2,111.77","2,133.12","2,137.46","2,106.99",2.34B,-1.07%
04/21/2023,"2,100.91","2,109.74","2,122.65","2,086.77",2.92B,-0.51%
04/24/2023,"2,100.95","2,096.01","2,105.80","2,092.23",1.61B,0.00%
04/25/2023,"2,078.61","2,100.40","2,103.78","2,075.75",2.34B,-1.06%
04/26/2023,"2,084.30","2,084.78","2,093.80","2,066.95",2.10B,0.27%
04/27/2023,"2,063.73","2,077.18","2,078.43","2,055.45",1.46B,-0.99%
04/28/2023,"2,059.63","2,071.26","2,081.05","2,051.30",1.64B,-0.20%
5/2/2023,"2,065.32","2,065.68","2,071.18","2,048.04",1.73B,0.28%
5/3/2023,"2,071.49","2,055.01","2,073.70","2,033.52",2.55B,0.30%
5/8/2023,"2,114.47","2,085.19","2,114.47","2,076.90",2.28B,2.07%
5/9/2023,"2,116.18","2,113.93","2,124.50","2,102.28",2.32B,0.08%
5/10/2023,"2,120.71","2,112.03","2,124.61","2,104.06",1.90B,0.21%
5/11/2023,"2,115.28","2,122.90","2,131.09","2,111.41",2.38B,-0.26%
5/12/2023,"2,108.37","2,111.34","2,115.31","2,088.01",2.74B,-0.33%
05/15/2023,"2,081.49","2,122.80","2,122.80","2,074.88",3.37B,-1.27%
05/16/2023,"2,078.13","2,080.94","2,088.61","2,073.24",2.66B,-0.16%
05/17/2023,"2,051.71","2,080.24","2,082.26","2,041.83",2.66B,-1.27%
05/18/2023,"2,058.67","2,063.87","2,082.06","2,058.67",2.31B,0.34%
05/19/2023,"2,044.15","2,062.46","2,064.72","2,040.00",2.41B,-0.71%
05/22/2023,"2,065.93","2,028.44","2,069.54","2,008.17",2.60B,1.07%
05/23/2023,"2,068.92","2,060.24","2,072.68","2,046.07",2.63B,0.14%
05/24/2023,"2,068.70","2,061.94","2,079.29","2,060.59",1.88B,-0.01%
05/25/2023,"2,067.17","2,069.57","2,076.01","2,058.28",2.21B,-0.07%
05/26/2023,"2,058.31","2,062.85","2,067.49","2,053.73",1.64B,-0.43%
05/29/2023,"2,074.34","2,065.94","2,077.38","2,065.94",1.55B,0.78%
05/30/2023,"2,064.63","2,077.17","2,080.59","2,058.39",1.93B,-0.47%
05/31/2023,"2,059.87","2,048.29","2,060.02","2,042.28",3.31B,-0.23%
6/1/2023,"2,043.83","2,061.31","2,066.98","2,042.62",2.43B,-0.78%
6/2/2023,"2,059.48","2,052.36","2,065.24","2,047.92",2.09B,0.77%
6/6/2023,"2,055.19","2,069.61","2,072.28","2,052.02",2.42B,-0.21%
6/7/2023,"2,062.86","2,058.93","2,064.14","2,045.37",2.20B,0.37%
6/8/2023,"2,104.43","2,063.56","2,104.43","2,058.65",2.53B,2.02%
6/9/2023,"2,096.69","2,102.36","2,103.88","2,088.55",1.82B,-0.37%
6/12/2023,"2,092.09","2,090.00","2,099.15","2,085.08",1.69B,-0.22%
06/13/2023,"2,109.51","2,094.39","2,116.15","2,093.14",1.64B,0.83%
06/14/2023,"2,106.34","2,114.69","2,120.31","2,103.10",1.73B,-0.15%
06/15/2023,"2,106.60","2,106.53","2,114.12","2,099.87",1.77B,0.01%
06/16/2023,"2,108.61","2,113.98","2,121.96","2,089.43",2.24B,0.10%
06/19/2023,"2,109.60","2,103.45","2,118.51","2,098.50",1.34B,0.05%
06/20/2023,"2,079.21","2,089.20","2,096.76","2,070.98",2.29B,-1.44%
06/21/2023,"2,057.76","2,073.05","2,074.94","2,048.95",1.89B,-1.03%
06/22/2023,"2,040.97","2,062.04","2,063.23","2,033.79",2.19B,-0.82%
06/23/2023,"2,037.93","2,034.14","2,046.11","2,022.76",1.66B,-0.15%
06/26/2023,"2,014.17","2,036.12","2,042.05","2,011.13",2.24B,-1.17%
06/27/2023,"2,002.79","2,018.71","2,029.24","2,002.79",1.65B,-0.56%
06/28/2023,"1,988.25","2,011.13","2,014.97","1,985.55",2.64B,-0.73%
06/29/2023,"2,004.16","1,990.16","2,021.94","1,978.94",3.14B,0.80%
06/30/2023,"2,039.87","2,019.01","2,044.12","2,016.62",3.03B,1.78%
7/3/2023,"2,046.23","2,046.50","2,048.93","2,027.70",1.37B,0.31%
7/4/2023,"2,058.89","2,041.08","2,065.75","2,037.96",2.00B,0.62%
7/5/2023,"2,052.38","2,053.79","2,060.33","2,047.15",1.92B,-0.32%
7/6/2023,"2,026.16","2,042.56","2,046.97","2,018.70",2.03B,-1.28%
7/7/2023,"2,025.26","2,012.25","2,034.30","2,001.08",1.46B,-0.04%
7/10/2023,"2,036.05","2,030.30","2,038.69","2,012.47",1.60B,0.53%
7/11/2023,"2,037.69","2,046.56","2,049.56","2,029.62",1.41B,0.08%
7/12/2023,"2,032.16","2,044.24","2,054.10","2,026.34",2.38B,-0.27%
07/13/2023,"2,036.74","2,032.56","2,042.01","2,026.90",1.72B,0.23%
07/14/2023,"2,072.66","2,043.15","2,074.89","2,043.15",2.25B,1.76%
07/17/2023,"2,084.96","2,077.24","2,091.33","2,067.28",2.73B,0.59%
07/18/2023,"2,097.46","2,082.46","2,098.18","2,082.46",2.40B,0.60%
07/19/2023,"2,097.92","2,100.31","2,112.72","2,087.82",2.92B,0.02%
07/20/2023,"2,076.03","2,096.98","2,105.43","2,075.58",2.28B,-1.04%
07/21/2023,"2,089.10","2,080.40","2,094.32","2,068.51",2.53B,0.63%
07/24/2023,"2,083.98","2,089.23","2,102.23","2,077.63",2.17B,-0.25%
07/25/2023,"2,088.85","2,092.53","2,099.51","2,077.66",1.81B,0.23%
07/26/2023,"2,086.53","2,090.63","2,094.20","2,078.53",1.61B,-0.11%
07/27/2023,"2,115.63","2,090.51","2,120.54","2,080.87",2.89B,1.39%
07/31/2023,"2,134.63","2,125.57","2,142.14","2,122.63",2.54B,0.90%
8/2/2023,"2,127.10","2,124.76","2,143.42","2,119.02",2.53B,-0.35%
8/3/2023,"2,093.81","2,115.74","2,120.22","2,093.07",2.81B,-1.57%
8/4/2023,"2,096.22","2,096.51","2,110.80","2,095.39",2.43B,0.12%
8/7/2023,"2,102.73","2,100.74","2,114.90","2,081.93",2.01B,0.31%
8/8/2023,"2,080.48","2,106.00","2,108.84","2,080.48",1.72B,-1.06%
8/9/2023,"2,096.01","2,084.88","2,096.01","2,075.05",2.05B,0.75%
8/10/2023,"2,103.12","2,095.67","2,103.12","2,080.23",2.39B,0.34%
8/11/2023,"2,105.27","2,105.63","2,113.42","2,095.00",3.47B,0.10%
08/15/2023,"2,080.94","2,103.80","2,105.85","2,074.97",2.55B,-1.16%
08/16/2023,"2,079.45","2,074.98","2,081.73","2,059.91",2.74B,-0.07%
08/17/2023,"2,092.52","2,071.64","2,095.93","2,066.89",2.48B,0.63%
08/18/2023,"2,077.54","2,087.20","2,090.31","2,071.96",2.81B,-0.72%
08/21/2023,"2,089.19","2,083.62","2,095.38","2,071.92",2.02B,0.56%
08/22/2023,"2,117.06","2,104.34","2,121.39","2,098.67",4.17B,1.33%
08/23/2023,"2,120.08","2,123.52","2,129.80","2,111.96",3.44B,0.14%
08/24/2023,"2,133.03","2,126.78","2,143.43","2,126.78",3.64B,0.61%
08/25/2023,"2,134.73","2,127.92","2,137.52","2,121.42",2.83B,0.08%
08/28/2023,"2,136.54","2,142.46","2,147.02","2,132.38",2.76B,0.08%
08/29/2023,"2,144.27","2,141.02","2,152.14","2,136.26",2.71B,0.36%
08/30/2023,"2,153.99","2,152.02","2,160.27","2,148.36",2.80B,0.45%
08/31/2023,"2,133.59","2,150.77","2,152.41","2,131.72",6.04B,-0.95%
9/1/2023,"2,131.46","2,138.67","2,143.29","2,127.07",2.60B,-0.10%
9/4/2023,"2,113.14","2,135.69","2,137.38","2,109.90",2.54B,-0.86%
9/5/2023,"2,111.00","2,112.84","2,120.35","2,106.97",2.13B,-0.10%
9/6/2023,"2,113.10","2,110.13","2,122.13","2,104.44",2.56B,0.10%
9/7/2023,"2,114.24","2,112.54","2,125.19","2,108.62",1.97B,0.05%
9/8/2023,"2,107.69","2,114.99","2,119.59","2,107.22",1.48B,-0.31%
9/11/2023,"2,099.20","2,109.83","2,112.76","2,091.42",1.68B,-0.40%
9/12/2023,"2,108.05","2,104.60","2,115.98","2,103.02",1.97B,0.42%
09/13/2023,"2,095.82","2,109.71","2,109.71","2,090.63",1.87B,-0.58%
09/14/2023,"2,110.18","2,099.97","2,114.36","2,090.96",1.64B,0.69%
09/15/2023,"2,107.43","2,118.09","2,119.31","2,105.81",2.13B,-0.13%
09/18/2023,"2,087.32","2,103.10","2,103.10","2,084.87",1.68B,-0.95%
09/19/2023,"2,080.51","2,087.39","2,092.80","2,077.81",1.79B,-0.33%
09/20/2023,"2,058.55","2,078.56","2,078.56","2,050.97",2.39B,-1.06%
09/21/2023,"2,066.69","2,053.15","2,071.29","2,050.65",1.75B,0.40%
09/22/2023,"2,080.66","2,066.69","2,088.31","2,059.82",2.25B,0.68%
09/25/2023,"2,058.90","2,083.58","2,084.29","2,058.90",1.69B,-1.05%
09/26/2023,"2,043.27","2,054.69","2,070.67","2,042.56",2.41B,-0.76%
09/27/2023,"2,048.26","2,044.39","2,051.37","2,034.94",1.98B,0.24%
09/28/2023,"2,027.24","2,048.93","2,061.77","2,024.75",2.51B,-1.03%
09/29/2023,"2,006.06","2,026.55","2,030.29","2,006.06",2.25B,-1.04%
10/2/2023,"2,008.05","2,009.48","2,019.77","1,993.79",1.93B,0.10%
10/3/2023,"1,975.78","1,990.72","1,992.91","1,969.35",3.09B,-1.61%
10/4/2023,"1,979.07","1,949.86","1,984.84","1,948.68",2.61B,0.17%
10/5/2023,"1,980.80","1,983.09","1,986.51","1,966.33",1.82B,0.09%
10/6/2023,"1,957.40","1,988.28","1,988.68","1,951.30",1.79B,-1.18%
10/9/2023,"1,949.43","1,952.95","1,955.04","1,936.41",1.94B,-0.41%
10/10/2023,"1,957.20","1,965.86","1,966.32","1,949.34",1.80B,0.40%
10/11/2023,"1,991.07","1,963.17","1,993.00","1,958.29",2.34B,1.73%
10/12/2023,"1,982.36","1,991.65","1,995.00","1,978.23",1.52B,-0.44%
10/16/2023,"1,950.00","1,971.96","1,976.10","1,932.50",2.46B,-1.63%
10/17/2023,"1,959.46","1,957.60","1,971.02","1,952.61",1.78B,0.49%
10/18/2023,"1,972.81","1,958.58","1,981.34","1,955.53",2.58B,0.68%
10/19/2023,"1,950.12","1,951.44","1,957.62","1,943.23",1.69B,-1.15%
10/20/2023,"1,917.61","1,945.06","1,949.01","1,913.85",2.53B,-1.67%
10/24/2023,"1,904.10","1,913.31","1,916.15","1,900.00",1.96B,-0.70%
10/25/2023,"1,919.35","1,920.99","1,939.13","1,915.80",1.94B,0.80%
10/26/2023,"1,877.31","1,908.21","1,910.66","1,875.07",1.88B,-2.19%
10/27/2023,"1,904.44","1,894.48","1,909.05","1,872.02",1.72B,1.45%
10/30/2023,"1,917.24","1,894.69","1,922.02","1,894.34",1.30B,0.67%
10/31/2023,"1,895.93","1,916.14","1,916.41","1,884.52",1.69B,-1.11%
11/1/2023,"1,892.97","1,894.35","1,904.82","1,881.87",2.01B,-0.16%
11/2/2023,"1,925.71","1,911.74","1,932.48","1,910.87",1.84B,1.73%
11/3/2023,"1,947.45","1,939.45","1,954.32","1,934.25",1.86B,1.13%
11/6/2023,"1,942.23","1,962.93","1,964.33","1,942.23",1.71B,-0.27%
11/7/2023,"1,930.94","1,936.01","1,949.04","1,927.44",1.59B,-0.58%
11/8/2023,"1,933.30","1,933.72","1,943.34","1,926.35",1.75B,0.12%
11/9/2023,"1,926.60","1,932.18","1,935.26","1,903.53",1.85B,-0.35%
11/10/2023,"1,903.32","1,907.78","1,927.01","1,899.49",2.12B,-1.21%
11/13/2023,"1,902.63","1,905.94","1,907.63","1,886.65",2.21B,-0.04%
11/14/2023,"1,900.60","1,907.69","1,911.97","1,888.91",2.15B,-0.11%
11/15/2023,"1,942.81","1,924.73","1,946.75","1,922.76",2.86B,2.22%
11/16/2023,"1,942.30","1,939.69","1,944.56","1,930.95",2.07B,-0.03%
11/17/2023,"1,938.27","1,929.48","1,950.19","1,927.06",1.89B,-0.21%
11/20/2023,"1,945.23","1,938.07","1,946.38","1,929.89",1.62B,0.36%
11/21/2023,"1,950.83","1,957.26","1,957.26","1,942.22",1.59B,0.29%
11/22/2023,"1,936.20","1,947.54","1,949.37","1,925.44",1.50B,-0.75%
11/23/2023,"1,922.67","1,937.49","1,937.67","1,913.90",1.31B,-0.70%
11/24/2023,"1,911.18","1,924.10","1,929.96","1,907.59",1.14B,-0.60%
11/27/2023,"1,907.17","1,904.00","1,913.64","1,894.29",1.41B,-0.21%
11/28/2023,"1,919.99","1,916.97","1,927.36","1,908.77",1.37B,0.67%
11/29/2023,"1,901.91","1,925.45","1,926.17","1,900.75",1.78B,-0.94%
11/30/2023,"1,888.94","1,903.87","1,905.02","1,877.05",3.07B,-0.68%
12/1/2023,"1,890.08","1,891.07","1,895.05","1,879.12",1.25B,0.06%
12/4/2023,"1,896.00","1,883.33","1,904.68","1,880.34",1.29B,0.31%
12/6/2023,"1,901.56","1,894.83","1,908.54","1,887.94",1.39B,0.29%
12/7/2023,"1,885.06","1,888.87","1,893.23","1,876.39",1.60B,-0.87%
12/8/2023,"1,890.48","1,890.08","1,902.01","1,882.87",1.43B,0.29%
12/12/2023,"1,882.99","1,894.20","1,894.67","1,876.22",1.45B,-0.40%
12/13/2023,"1,861.41","1,877.01","1,877.99","1,856.01",1.46B,-1.15%
12/14/2023,"1,892.00","1,879.76","1,895.10","1,873.82",1.49B,1.64%
12/15/2023,"1,910.38","1,900.63","1,920.87","1,895.88",2.34B,0.97%
12/18/2023,"1,914.31","1,903.88","1,918.49","1,898.00",1.10B,0.21%
12/19/2023,"1,918.68","1,917.71","1,922.01","1,909.12",1.26B,0.23%
12/20/2023,"1,924.42","1,923.30","1,935.57","1,918.29",1.60B,0.30%
12/21/2023,"1,929.13","1,915.79","1,934.63","1,914.75",1.63B,0.24%
12/22/2023,"1,930.14","1,932.66","1,933.01","1,919.57",1.35B,0.05%
12/25/2023,"1,935.38","1,929.47","1,936.75","1,928.55",847.19M,0.27%
12/26/2023,"1,940.74","1,933.43","1,942.35","1,930.45",1.13B,0.28%
12/27/2023,"1,934.18","1,943.01","1,944.57","1,929.16",1.53B,-0.34%
12/28/2023,"1,938.83","1,935.13","1,945.71","1,934.93",1.80B,0.24%
1/2/2024,"1,961.12","1,938.14","1,963.60","1,934.25",1.94B,1.15%
1/3/2024,"1,952.65","1,958.19","1,964.00","1,947.73",2.14B,-0.43%
1/4/2024,"1,955.68","1,949.93","1,958.10","1,938.17",1.98B,0.16%
1/5/2024,"1,941.17","1,951.43","1,959.69","1,937.18",1.62B,-0.74%
1/8/2024,"1,927.80","1,940.13","1,942.23","1,921.37",1.67B,-0.69%
1/9/2024,"1,924.56","1,941.81","1,943.22","1,922.63",1.42B,-0.17%
1/10/2024,"1,923.11","1,926.12","1,930.29","1,917.03",1.85B,-0.08%
1/11/2024,"1,915.10","1,928.40","1,929.24","1,912.90",1.18B,-0.42%
1/12/2024,"1,919.20","1,914.03","1,924.08","1,911.47",1.41B,0.21%
01/15/2024,"1,907.86","1,921.99","1,922.31","1,903.85",1.24B,-0.59%
01/16/2024,"1,899.55","1,906.56","1,908.21","1,896.98",1.42B,-0.44%
01/17/2024,"1,869.85","1,892.46","1,892.90","1,866.28",2.34B,-1.56%
01/18/2024,"1,865.12","1,873.23","1,880.46","1,860.17",1.96B,-0.25%
01/19/2024,"1,874.53","1,876.21","1,883.49","1,868.43",2.35B,0.50%
01/22/2024,"1,855.33","1,875.88","1,876.01","1,855.05",3.37B,-1.02%
01/23/2024,"1,839.46","1,861.76","1,865.57","1,832.61",2.44B,-0.86%
01/24/2024,"1,874.00","1,841.02","1,876.92","1,836.89",2.13B,1.88%
01/25/2024,"1,866.08","1,867.91","1,870.93","1,857.82",1.74B,-0.42%
01/26/2024,"1,853.90","1,865.61","1,871.90","1,848.00",1.51B,-0.65%
01/29/2024,"1,864.91","1,863.27","1,870.19","1,850.07",1.49B,0.59%
01/30/2024,"1,859.53","1,863.81","1,866.42","1,855.02",1.91B,-0.29%
01/31/2024,"1,849.02","1,861.76","1,862.58","1,840.86",1.97B,-0.57%
2/1/2024,"1,852.57","1,847.87","1,861.56","1,837.94",1.63B,0.19%
2/2/2024,"1,877.31","1,865.00","1,881.17","1,864.13",1.73B,1.34%
2/5/2024,"1,876.39","1,875.52","1,885.89","1,870.16",1.79B,-0.05%
2/6/2024,"1,895.61","1,879.33","1,902.02","1,879.33",2.21B,1.02%
2/7/2024,"1,899.82","1,899.98","1,904.57","1,890.53",1.93B,0.22%
2/8/2024,"1,882.84","1,897.97","1,905.27","1,882.25",1.62B,-0.89%
2/9/2024,"1,880.93","1,884.43","1,887.78","1,876.82",1.06B,-0.10%
2/12/2024,"1,883.15","1,882.55","1,887.79","1,877.24",1.18B,0.12%
02/13/2024,"1,886.77","1,886.85","1,896.18","1,884.55",1.49B,0.19%
02/14/2024,"1,873.57","1,871.73","1,878.53","1,866.43",1.57B,-0.70%
02/15/2024,"1,874.78","1,875.50","1,883.06","1,869.44",1.63B,0.06%
02/16/2024,"1,874.91","1,885.82","1,890.60","1,869.92",1.58B,0.01%
02/19/2024,"1,876.45","1,870.24","1,881.03","1,868.26",1.34B,0.08%
02/20/2024,"1,866.99","1,877.94","1,879.14","1,859.40",1.55B,-0.50%
02/21/2024,"1,887.73","1,870.07","1,889.61","1,863.08",2.31B,1.11%
02/22/2024,"1,900.61","1,892.73","1,905.24","1,887.04",1.93B,0.68%
02/23/2024,"1,893.84","1,902.93","1,903.82","1,890.89",2.04B,-0.36%
02/27/2024,"1,884.40","1,891.47","1,897.39","1,879.33",2.23B,-0.50%
02/28/2024,"1,866.85","1,877.27","1,878.81","1,864.64",1.96B,-0.93%
02/29/2024,"1,853.39","1,865.25","1,866.82","1,846.59",3.15B,-0.72%
3/1/2024,"1,848.75","1,853.12","1,861.53","1,845.08",1.83B,-0.25%
3/4/2024,"1,842.85","1,851.35","1,856.29","1,841.91",1.37B,-0.32%
3/5/2024,"1,837.48","1,836.72","1,842.84","1,825.20",1.74B,-0.29%
3/6/2024,"1,855.83","1,833.63","1,863.27","1,832.89",1.71B,1.00%
3/7/2024,"1,857.46","1,861.51","1,866.15","1,846.57",1.52B,0.09%
3/8/2024,"1,878.66","1,859.16","1,878.66","1,858.40",1.42B,1.14%
3/11/2024,"1,867.87","1,873.11","1,879.71","1,866.47",1.40B,-0.57%
3/12/2024,"1,868.80","1,873.59","1,877.01","1,860.39",1.52B,0.05%
03/13/2024,"1,876.03","1,868.46","1,881.90","1,866.66",2.16B,0.39%
03/14/2024,"1,893.13","1,876.59","1,893.87","1,873.75",2.37B,0.91%
03/15/2024,"1,878.74","1,885.10","1,889.83","1,878.48",2.69B,-0.76%
03/18/2024,"1,880.10","1,882.32","1,890.75","1,877.50",1.72B,0.07%
03/19/2024,"1,874.17","1,878.59","1,888.06","1,873.80",1.70B,-0.32%
03/20/2024,"1,863.06","1,877.86","1,881.04","1,861.60",1.43B,-0.59%
03/21/2024,"1,884.92","1,879.31","1,887.39","1,878.11",1.54B,1.17%
03/22/2024,"1,877.37","1,878.80","1,888.73","1,874.24",1.56B,-0.40%
03/25/2024,"1,863.34","1,876.67","1,884.26","1,856.85",1.81B,-0.75%
03/26/2024,"1,868.93","1,862.96","1,872.43","1,857.73",1.90B,0.30%
03/27/2024,"1,873.22","1,865.82","1,880.37","1,864.59",1.55B,0.23%
03/28/2024,"1,857.90","1,874.91","1,877.70","1,855.27",1.47B,-0.82%
03/29/2024,"1,870.80","1,861.58","1,871.65","1,859.50",1.22B,0.69%
4/1/2024,"1,873.17","1,873.21","1,881.11","1,865.38",1.33B,0.13%
4/2/2024,"1,874.62","1,870.04","1,877.79","1,866.52",1.76B,0.08%
4/3/2024,"1,869.41","1,867.60","1,881.84","1,866.43",1.83B,-0.28%
4/4/2024,"1,868.10","1,873.79","1,876.03","1,860.32",1.33B,-0.07%
4/5/2024,"1,872.35","1,863.29","1,876.03","1,859.24",1.02B,0.23%
4/9/2024,"1,912.13","1,878.05","1,912.13","1,874.21",2.29B,2.12%
4/10/2024,"1,921.53","1,916.16","1,928.01","1,914.24",1.88B,0.49%
4/11/2024,"1,902.50","1,917.16","1,918.99","1,899.86",1.58B,-0.99%
04/17/2024,"1,858.13","1,873.34","1,876.57","1,852.94",2.42B,-2.33%
04/18/2024,"1,847.48","1,859.56","1,866.69","1,829.82",2.54B,-0.57%
04/19/2024,"1,806.88","1,815.71","1,823.86","1,804.15",2.50B,-2.20%
04/22/2024,"1,830.98","1,824.90","1,834.11","1,817.40",1.59B,1.33%
04/23/2024,"1,842.29","1,836.86","1,850.85","1,836.43",1.97B,0.62%
04/24/2024,"1,847.27","1,853.54","1,853.85","1,838.76",1.63B,0.27%
04/25/2024,"1,852.35","1,843.59","1,854.79","1,840.44",1.43B,0.27%
04/26/2024,"1,845.87","1,853.49","1,855.49","1,843.11",1.40B,-0.35%
04/29/2024,"1,847.56","1,853.62","1,853.74","1,836.75",1.52B,0.09%
04/30/2024,"1,856.35","1,851.92","1,864.39","1,848.90",1.77B,0.48%
5/2/2024,"1,848.42","1,857.10","1,861.00","1,848.04",2.14B,-0.43%
5/3/2024,"1,858.31","1,854.52","1,863.80","1,850.72",1.81B,0.54%
5/7/2024,"1,869.90","1,865.69","1,882.76","1,865.15",1.99B,0.62%
5/8/2024,"1,864.72","1,871.53","1,873.35","1,863.59",1.85B,-0.28%
5/9/2024,"1,858.79","1,865.92","1,873.83","1,856.42",1.86B,-0.32%
5/10/2024,"1,864.14","1,861.63","1,865.36","1,854.71",1.27B,0.29%
05/13/2024,"1,865.74","1,864.70","1,870.24","1,855.56",2.01B,0.09%
05/14/2024,"1,871.82","1,867.65","1,878.34","1,865.52",1.77B,0.33%
05/15/2024,"1,863.87","1,873.35","1,874.63","1,858.87",2.68B,-0.42%
05/16/2024,"1,876.09","1,871.31","1,885.53","1,868.56",2.40B,0.66%
05/17/2024,"1,884.07","1,876.81","1,887.05","1,873.78",1.84B,0.43%
05/20/2024,"1,877.66","1,888.31","1,894.57","1,875.09",2.15B,-0.34%
05/21/2024,"1,864.02","1,874.55","1,874.55","1,858.48",1.90B,-0.73%
05/23/2024,"1,859.98","1,859.59","1,868.64","1,855.08",2.65B,-0.22%
05/24/2024,"1,854.37","1,849.37","1,857.60","1,847.39",2.74B,-0.30%
05/27/2024,"1,859.60","1,861.04","1,863.20","1,851.99",2.34B,0.28%
05/28/2024,"1,854.16","1,862.22","1,863.45","1,851.75",1.68B,-0.29%
05/29/2024,"1,834.23","1,850.08","1,855.75","1,834.23",1.88B,-1.07%
05/30/2024,"1,835.76","1,828.19","1,839.41","1,819.45",2.03B,0.08%
05/31/2024,"1,826.69","1,839.68","1,848.34","1,821.75",4.89B,-0.49%
6/4/2024,"1,816.02","1,834.79","1,840.82","1,814.49",3.17B,-0.58%
6/5/2024,"1,816.81","1,819.89","1,826.53","1,810.25",2.61B,0.04%
6/6/2024,"1,803.92","1,821.85","1,826.35","1,800.21",2.32B,-0.71%
6/7/2024,"1,810.06","1,802.55","1,813.63","1,800.44",2.11B,0.34%
6/10/2024,"1,791.34","1,804.10","1,805.76","1,781.78",2.36B,-1.03%
6/11/2024,"1,787.84","1,791.20","1,802.88","1,784.25",2.51B,-0.20%
6/12/2024,"1,791.82","1,788.82","1,797.15","1,782.20",2.41B,0.22%
06/13/2024,"1,786.97","1,797.89","1,802.17","1,783.98",1.97B,-0.27%
06/14/2024,"1,780.40","1,785.60","1,791.36","1,775.95",1.81B,-0.37%
06/17/2024,"1,766.95","1,778.66","1,778.66","1,754.46",1.99B,-0.76%
06/18/2024,"1,767.83","1,773.11","1,787.22","1,765.64",2.05B,0.05%
06/19/2024,"1,784.17","1,774.23","1,784.17","1,752.15",3.87B,0.92%
06/20/2024,"1,774.78","1,782.22","1,784.00","1,767.32",2.27B,-0.53%
06/21/2024,"1,781.59","1,769.53","1,791.08","1,760.44",3.77B,0.38%
06/24/2024,"1,795.19","1,775.61","1,797.52","1,771.96",2.54B,0.76%
06/25/2024,"1,797.34","1,796.81","1,805.40","1,792.02",2.41B,0.12%
06/26/2024,"1,798.83","1,803.03","1,806.55","1,793.09",1.77B,0.08%
06/27/2024,"1,784.48","1,792.96","1,794.59","1,780.99",2.00B,-0.80%
06/28/2024,"1,771.84","1,787.15","1,787.73","1,766.05",3.35B,-0.71%
7/1/2024,"1,770.79","1,772.51","1,779.75","1,764.96",1.55B,-0.06%
7/2/2024,"1,756.43","1,767.72","1,768.34","1,752.35",1.85B,-0.81%
7/3/2024,"1,765.48","1,758.42","1,767.95","1,753.62",1.36B,0.52%
7/4/2024,"1,774.55","1,774.35","1,786.59","1,773.74",1.45B,0.51%
7/5/2024,"1,788.33","1,778.04","1,789.21","1,770.09",1.90B,0.78%
7/8/2024,"1,800.61","1,787.36","1,800.61","1,785.68",1.75B,0.69%
7/9/2024,"1,797.46","1,801.88","1,804.09","1,791.72",1.61B,-0.17%
7/10/2024,"1,802.76","1,798.44","1,808.42","1,795.68",1.75B,0.29%
7/11/2024,"1,812.96","1,807.49","1,814.48","1,797.47",1.85B,0.57%
7/12/2024,"1,814.32","1,809.87","1,816.75","1,806.19",2.11B,0.08%
07/15/2024,"1,810.65","1,805.51","1,812.22","1,798.70",1.71B,-0.20%
07/16/2024,"1,802.49","1,810.77","1,815.83","1,800.32",1.79B,-0.45%
07/17/2024,"1,803.58","1,809.08","1,816.96","1,800.87",1.85B,0.06%
07/18/2024,"1,812.05","1,800.49","1,815.97","1,799.66",2.90B,0.47%
07/19/2024,"1,800.43","1,806.34","1,811.31","1,800.12",1.90B,-0.64%
07/23/2024,"1,781.04","1,803.07","1,807.28","1,779.43",2.56B,-1.08%
07/24/2024,"1,775.69","1,778.49","1,781.60","1,768.97",2.23B,-0.30%
07/25/2024,"1,768.73","1,763.34","1,773.25","1,762.87",2.03B,-0.39%
07/26/2024,"1,791.78","1,770.88","1,791.97","1,765.91",2.11B,1.30%
07/30/2024,"1,792.45","1,799.48","1,805.69","1,789.90",2.43B,0.04%
07/31/2024,"1,812.24","1,800.35","1,814.32","1,799.26",2.35B,1.10%
8/1/2024,"1,815.06","1,814.59","1,825.11","1,809.23",2.37B,0.16%
8/2/2024,"1,801.53","1,802.92","1,809.00","1,796.98",2.15B,-0.75%
8/5/2024,"1,749.85","1,775.97","1,777.75","1,746.38",3.34B,-2.87%
8/6/2024,"1,748.92","1,766.59","1,771.80","1,747.94",2.06B,-0.05%
8/7/2024,"1,773.23","1,761.10","1,778.20","1,761.10",2.26B,1.39%
8/8/2024,"1,779.15","1,768.33","1,784.11","1,767.54",2.54B,0.33%
8/9/2024,"1,783.95","1,794.09","1,799.60","1,776.80",2.48B,0.27%
08/13/2024,"1,785.62","1,787.71","1,790.56","1,777.86",2.32B,0.09%
08/14/2024,"1,776.68","1,789.56","1,798.70","1,759.60",3.54B,-0.50%
08/15/2024,"1,774.24","1,775.53","1,777.68","1,758.06",2.28B,-0.14%
08/16/2024,"1,793.05","1,783.42","1,796.28","1,780.93",2.18B,1.06%
08/19/2024,"1,820.23","1,796.37","1,821.10","1,791.20",3.09B,1.52%
08/20/2024,"1,826.71","1,825.94","1,841.11","1,820.49",2.51B,0.36%
08/21/2024,"1,840.33","1,827.48","1,842.96","1,824.64",2.26B,0.75%
08/22/2024,"1,844.04","1,841.01","1,848.29","1,834.35",2.14B,0.20%
08/23/2024,"1,861.41","1,842.69","1,862.81","1,841.45",3.58B,0.94%
08/26/2024,"1,875.59","1,861.59","1,878.68","1,855.26",3.34B,0.76%
08/27/2024,"1,874.87","1,875.59","1,881.40","1,869.05",2.62B,-0.04%
08/28/2024,"1,879.03","1,869.99","1,886.45","1,863.08",2.25B,0.22%
08/29/2024,"1,866.24","1,871.24","1,879.42","1,864.44",1.95B,-0.68%
08/30/2024,"1,867.90","1,870.51","1,880.99","1,862.21",3.70B,0.09%
9/2/2024,"1,860.16","1,860.61","1,866.70","1,857.22",2.23B,-0.41%
9/3/2024,"1,874.85","1,860.34","1,883.90","1,860.34",2.41B,0.79%
9/4/2024,"1,875.60","1,860.34","1,879.40","1,860.34",1.95B,0.04%
9/5/2024,"1,935.42","1,885.65","1,937.67","1,884.39",3.65B,3.19%
9/6/2024,"1,971.34","1,950.25","1,977.20","1,948.20",5.75B,1.86%
9/9/2024,"1,972.28","1,972.17","1,985.01","1,954.76",4.79B,0.05%
9/10/2024,"1,966.15","1,972.15","1,975.85","1,957.96",3.51B,-0.31%
9/11/2024,"1,947.93","1,960.89","1,966.26","1,933.24",3.14B,-0.93%
9/12/2024,"1,957.06","1,959.05","1,970.17","1,955.59",2.07B,0.47%
09/13/2024,"1,961.74","1,966.90","1,975.74","1,956.88",2.91B,0.24%
09/16/2024,"1,975.65","1,962.90","1,978.55","1,958.36",4.18B,0.71%
09/17/2024,"1,979.82","1,978.36","1,982.85","1,970.31",3.54B,0.21%
09/18/2024,"1,976.99","1,980.80","1,994.39","1,973.37",3.51B,-0.14%
09/19/2024,"2,004.45","1,983.10","2,004.45","1,975.47",3.67B,1.39%
09/20/2024,"1,997.86","2,009.03","2,015.37","1,997.86",3.84B,-0.33%
09/23/2024,"1,994.12","2,001.88","2,004.39","1,983.78",2.65B,-0.19%
09/24/2024,"2,018.75","1,999.90","2,020.80","1,993.73",2.72B,1.24%
09/25/2024,"2,016.87","2,024.72","2,033.71","2,013.62",4.06B,-0.09%
09/26/2024,"2,009.41","2,018.99","2,021.76","2,000.31",3.44B,-0.37%
09/27/2024,"2,000.70","2,007.41","2,016.01","1,994.45",3.72B,-0.43%
09/30/2024,"1,999.21","1,992.25","2,006.84","1,990.92",2.73B,-0.07%
10/1/2024,"2,022.27","1,999.51","2,029.08","1,999.51",2.40B,1.15%
10/2/2024,"2,004.40","2,018.10","2,022.34","1,997.55",3.01B,-0.88%
10/3/2024,"1,993.74","1,996.16","2,006.27","1,986.96",2.55B,-0.53%
10/4/2024,"1,998.53","1,992.40","2,004.22","1,979.83",2.93B,0.24%
10/7/2024,"2,010.72","1,997.94","2,011.50","1,996.16",2.28B,0.61%
10/8/2024,"2,011.69","2,003.97","2,022.39","2,002.78",2.61B,0.05%
10/9/2024,"2,018.87","2,014.65","2,024.66","2,011.35",2.05B,0.36%
10/10/2024,"2,036.62","2,027.33","2,047.04","2,019.87",2.15B,0.88%
10/11/2024,"2,038.73","2,042.23","2,058.15","2,038.51",2.37B,0.10%
10/15/2024,"2,034.02","2,042.24","2,053.92","2,031.07",2.52B,-0.23%
10/16/2024,"2,062.07","2,030.76","2,067.66","2,028.01",3.38B,1.38%
10/17/2024,"2,078.78","2,069.71","2,084.43","2,068.10",2.66B,0.81%
10/18/2024,"2,072.43","2,075.98","2,096.93","2,070.09",2.93B,-0.31%
10/21/2024,"2,070.90","2,077.39","2,079.25","2,060.06",1.89B,-0.07%
10/22/2024,"2,044.56","2,066.09","2,070.23","2,039.41",2.12B,-1.27%
10/24/2024,"2,029.96","2,038.29","2,053.22","2,026.69",2.59B,-0.71%
10/25/2024,"2,034.75","2,035.25","2,043.03","2,023.93",1.86B,0.24%
10/28/2024,"2,017.29","2,035.97","2,038.31","2,012.35",2.45B,-0.86%
10/29/2024,"2,014.66","2,018.16","2,031.28","2,011.62",1.74B,-0.13%
10/30/2024,"2,008.57","2,010.26","2,022.28","2,001.94",1.76B,-0.30%
10/31/2024,"2,036.82","2,006.46","2,041.75","2,006.46",1.85B,1.41%
11/1/2024,"2,034.41","2,034.17","2,039.39","2,026.61",1.37B,-0.12%
11/4/2024,"2,034.05","2,040.55","2,050.08","2,030.95",1.37B,-0.02%
11/5/2024,"2,065.74","2,036.68","2,073.63","2,033.71",1.51B,1.56%
11/6/2024,"2,046.03","2,069.10","2,076.16","2,039.03",2.59B,-0.95%
11/7/2024,"2,051.34","2,049.42","2,064.19","2,047.45",1.68B,0.26%
11/8/2024,"2,038.82","2,054.16","2,057.43","2,029.82",1.65B,-0.61%
11/11/2024,"2,027.15","2,037.56","2,040.17","2,021.24",1.82B,-0.57%
11/12/2024,"2,011.93","2,025.59","2,033.20","2,008.02",2.17B,-0.75%
11/13/2024,"2,022.17","2,016.75","2,042.83","2,016.42",1.70B,0.51%
11/14/2024,"2,019.67","2,020.22","2,038.72","2,004.80",2.12B,-0.12%
11/15/2024,"2,009.05","2,027.88","2,032.75","2,000.49",1.85B,-0.53%
11/18/2024,"2,025.12","2,019.23","2,033.02","2,009.66",1.44B,0.80%
11/19/2024,"2,037.65","2,037.63","2,055.72","2,034.90",1.86B,0.62%
11/20/2024,"2,042.51","2,042.37","2,042.70","2,030.23",1.44B,0.24%
11/21/2024,"2,005.70","2,009.04","2,027.32","1,999.18",1.55B,-1.80%
11/22/2024,"2,016.07","2,012.87","2,023.20","1,998.04",2.15B,0.52%
11/25/2024,"2,011.71","2,026.36","2,030.78","2,009.32",1.92B,-0.22%
11/26/2024,"2,004.45","2,010.67","2,020.67","2,000.18",1.51B,-0.36%
11/27/2024,"1,992.80","2,001.36","2,002.97","1,985.07",1.67B,-0.58%
11/28/2024,"1,989.45","1,992.54","1,998.25","1,979.86",1.78B,-0.17%
11/29/2024,"1,985.74","1,990.95","1,997.46","1,980.11",2.01B,-0.19%
12/2/2024,"2,002.13","1,991.66","2,002.13","1,975.83",1.64B,0.83%
12/3/2024,"2,030.16","2,009.56","2,031.95","2,009.56",2.15B,1.40%
12/4/2024,"2,022.23","2,030.43","2,034.45","2,018.39",1.61B,-0.39%
12/6/2024,"2,024.52","2,021.26","2,030.47","2,018.07",1.39B,0.11%
12/9/2024,"2,019.10","2,019.97","2,022.81","2,008.76",1.51B,-0.27%
12/11/2024,"2,012.34","2,014.33","2,029.80","2,009.74",1.34B,-0.33%
12/12/2024,"2,008.01","2,020.85","2,035.50","2,006.31",1.89B,-0.22%
12/13/2024,"1,994.99","2,000.42","2,006.20","1,991.46",2.61B,-0.65%
12/16/2024,"1,987.48","1,987.45","1,992.01","1,977.39",1.78B,-0.38%
12/17/2024,"1,950.73","1,985.01","1,990.36","1,947.64",2.50B,-1.85%
12/18/2024,"1,956.21","1,956.14","1,963.89","1,940.31",2.15B,0.28%
12/19/2024,"1,925.33","1,932.71","1,948.80","1,919.20",2.06B,-1.58%
12/20/2024,"1,908.68","1,922.69","1,928.44","1,901.40",2.62B,-0.86%
12/23/2024,"1,942.81","1,922.96","1,943.84","1,911.49",1.89B,1.79%
12/24/2024,"1,953.65","1,947.81","1,957.80","1,944.07",1.29B,0.56%
12/25/2024,"1,961.27","1,959.97","1,966.50","1,953.88",1.65B,0.39%
12/26/2024,"1,957.95","1,960.72","1,965.75","1,953.31",1.24B,-0.17%
12/27/2024,"1,964.19","1,959.04","1,978.14","1,953.42",1.15B,0.32%
12/30/2024,"1,959.79","1,967.31","1,976.95","1,957.81",1.38B,-0.22%
1/2/2025,"1,929.53","1,956.21","1,958.90","1,925.70",1.70B,-1.54%
1/3/2025,"1,937.01","1,935.48","1,945.15","1,927.55",1.35B,0.39%
1/6/2025,"1,920.73","1,943.83","1,946.81","1,916.93",1.75B,-0.84%
1/7/2025,"1,950.93","1,925.29","1,957.76","1,925.29",1.73B,1.57%
1/8/2025,"1,947.03","1,950.85","1,953.83","1,937.32",1.54B,-0.20%
1/9/2025,"1,911.95","1,942.64","1,942.64","1,907.49",2.44B,-1.80%
1/10/2025,"1,920.79","1,912.03","1,926.15","1,895.43",2.04B,0.46%
01/13/2025,"1,898.88","1,907.11","1,912.65","1,890.79",2.28B,-1.14%
01/14/2025,"1,879.04","1,914.39","1,914.39","1,879.04",2.27B,-1.04%
01/15/2025,"1,900.23","1,883.77","1,900.23","1,870.11",2.04B,1.13%
01/16/2025,"1,898.99","1,914.58","1,916.75","1,889.32",1.77B,-0.07%
01/17/2025,"1,880.67","1,892.38","1,905.08","1,878.06",2.00B,-0.96%
01/20/2025,"1,881.04","1,887.33","1,896.38","1,876.42",1.50B,0.02%
01/21/2025,"1,899.24","1,890.83","1,907.38","1,884.47",1.96B,0.97%
01/22/2025,"1,913.46","1,902.86","1,916.97","1,902.86",2.55B,0.75%
01/23/2025,"1,885.82","1,910.39","1,914.21","1,885.82",1.97B,-1.44%
01/24/2025,"1,900.54","1,895.39","1,900.76","1,886.92",1.53B,0.78%
01/27/2025,"1,878.90","1,891.74","1,900.78","1,878.26",1.86B,-1.14%
01/28/2025,"1,885.13","1,866.87","1,888.66","1,866.87",2.17B,0.33%
01/29/2025,"1,881.54","1,893.76","1,895.21","1,877.68",2.25B,-0.19%
01/30/2025,"1,870.30","1,880.12","1,885.29","1,866.64",1.98B,-0.60%
01/31/2025,"1,839.31","1,872.37","1,874.98","1,832.90",2.81B,-1.66%
2/3/2025,"1,825.25","1,778.86","1,825.25","1,770.75",2.98B,-0.76%
2/4/2025,"1,821.78","1,834.96","1,843.79","1,819.36",2.25B,-0.19%
2/5/2025,"1,799.88","1,820.21","1,827.77","1,791.91",2.23B,-1.20%
2/6/2025,"1,763.85","1,804.68","1,806.46","1,760.34",2.54B,-2.00%
2/7/2025,"1,797.90","1,771.88","1,797.90","1,751.91",3.10B,1.93%
2/10/2025,"1,779.60","1,784.58","1,787.80","1,766.13",2.19B,-1.02%
2/11/2025,"1,798.44","1,782.91","1,801.73","1,777.15",1.89B,1.06%
02/13/2025,"1,800.15","1,804.11","1,823.07","1,795.27",2.10B,0.10%
02/14/2025,"1,780.63","1,803.97","1,805.57","1,776.80",2.20B,-1.08%
02/17/2025,"1,749.36","1,733.53","1,750.72","1,720.91",2.84B,-1.76%
02/18/2025,"1,746.71","1,751.32","1,757.47","1,738.88",2.42B,-0.15%
02/19/2025,"1,749.45","1,741.95","1,761.16","1,739.87",2.91B,0.16%
02/20/2025,"1,721.85","1,737.11","1,747.09","1,714.14",3.16B,-1.58%
02/21/2025,"1,722.31","1,718.53","1,733.72","1,713.26",2.41B,0.03%
02/24/2025,"1,706.68","1,716.03","1,716.03","1,693.74",2.82B,-0.91%
02/25/2025,"1,663.94","1,699.05","1,699.05","1,663.94",3.19B,-2.50%
02/26/2025,"1,700.89","1,669.21","1,705.13","1,667.40",3.59B,2.22%
02/27/2025,"1,678.94","1,695.32","1,706.37","1,674.16",2.58B,-1.29%
02/28/2025,"1,659.98","1,640.74","1,665.12","1,632.58",4.07B,-1.13%
3/3/2025,"1,636.52","1,665.90","1,672.05","1,632.33",2.45B,-1.41%
3/4/2025,"1,618.55","1,627.17","1,647.64","1,611.29",2.48B,-1.10%
3/5/2025,"1,663.07","1,631.49","1,666.68","1,627.59",2.63B,2.75%
3/6/2025,"1,635.63","1,662.41","1,662.87","1,631.29",2.31B,-1.65%
3/7/2025,"1,653.71","1,634.02","1,653.92","1,630.91",1.99B,1.11%
3/10/2025,"1,614.58","1,642.70","1,644.82","1,614.58",2.03B,-2.37%
3/11/2025,"1,630.35","1,598.87","1,634.75","1,589.50",2.59B,0.98%
3/12/2025,"1,589.26","1,626.59","1,629.52","1,585.20",2.50B,-2.52%
03/13/2025,"1,588.11","1,595.87","1,602.64","1,585.70",1.59B,-0.07%
03/14/2025,"1,610.19","1,593.32","1,615.78","1,589.15",2.05B,1.39%
03/17/2025,"1,603.08","1,613.63","1,618.28","1,596.27",1.80B,-0.44%
03/18/2025,"1,612.75","1,615.66","1,621.37","1,597.31",1.94B,0.60%
03/19/2025,"1,632.37","1,615.40","1,643.12","1,610.46",2.06B,1.22%
03/20/2025,"1,619.37","1,636.45","1,649.56","1,619.37",2.20B,-0.80%
03/21/2025,"1,631.80","1,628.70","1,634.21","1,620.62",3.75B,0.77%
03/24/2025,"1,637.75","1,634.34","1,641.67","1,625.31",1.36B,0.36%
03/25/2025,"1,630.44","1,638.38","1,638.84","1,622.64",1.92B,-0.45%
03/26/2025,"1,638.80","1,633.10","1,646.67","1,633.10",1.59B,0.51%
03/27/2025,"1,637.60","1,639.04","1,646.04","1,633.03",1.92B,-0.07%
03/28/2025,"1,619.10","1,632.90","1,633.18","1,615.28",1.20B,-1.13%
03/31/2025,"1,592.85","1,588.35","1,609.58","1,588.35",2.58B,-1.62%
4/1/2025,"1,609.23","1,604.95","1,617.74","1,604.22",1.46B,1.03%
4/2/2025,"1,617.37","1,609.30","1,623.72","1,606.47",1.81B,0.51%
4/3/2025,"1,597.25","1,596.48","1,603.52","1,589.06",2.22B,-1.24%
4/4/2025,"1,540.68","1,586.46","1,587.44","1,537.15",2.91B,-3.54%
4/8/2025,"1,472.04","1,465.70","1,479.95","1,439.14",3.72B,-4.46%
4/9/2025,"1,497.66","1,468.04","1,507.99","1,456.89",3.17B,1.74%
4/10/2025,"1,568.46","1,571.35","1,589.06","1,550.02",2.92B,4.73%
4/11/2025,"1,560.54","1,559.42","1,572.77","1,544.78",2.02B,-0.50%
04/16/2025,"1,572.08","1,558.24","1,577.94","1,544.54",2.27B,0.74%
04/17/2025,"1,572.32","1,568.29","1,579.64","1,562.75",1.88B,0.02%
04/18/2025,"1,585.61","1,575.81","1,589.81","1,572.03",1.96B,0.85%
04/21/2025,"1,559.95","1,582.72","1,590.01","1,553.35",2.32B,-1.62%
04/22/2025,"1,573.45","1,551.51","1,577.50","1,548.64",2.33B,0.87%
04/23/2025,"1,589.55","1,589.27","1,599.06","1,578.96",2.22B,1.02%
04/24/2025,"1,577.68","1,581.86","1,591.48","1,572.38",1.95B,-0.75%
04/25/2025,"1,596.72","1,590.66","1,600.72","1,585.50",1.78B,1.21%
04/28/2025,"1,599.15","1,601.28","1,609.54","1,593.76",1.50B,0.15%
04/29/2025,"1,618.93","1,601.49","1,618.93","1,592.45",1.91B,1.24%
04/30/2025,"1,662.07","1,619.85","1,662.07","1,615.90",2.67B,2.66%
5/2/2025,"1,664.70","1,684.95","1,691.27","1,659.79",2.66B,0.16%
5/6/2025,"1,647.66","1,667.74","1,669.02","1,647.66",2.65B,-1.02%
5/7/2025,"1,698.14","1,663.27","1,698.14","1,659.46",3.04B,3.06%
5/8/2025,"1,675.15","1,692.96","1,699.43","1,674.09",2.62B,-1.35%
5/9/2025,"1,686.22","1,684.83","1,690.02","1,660.62",2.49B,0.66%
05/13/2025,"1,689.51","1,712.33","1,719.34","1,686.02",3.05B,0.20%
05/14/2025,"1,695.38","1,691.27","1,699.18","1,679.06",2.50B,0.35%
05/15/2025,"1,661.83","1,683.92","1,688.39","1,656.29",2.66B,-1.98%
05/16/2025,"1,663.96","1,668.55","1,678.16","1,654.56",2.12B,0.13%
05/19/2025,"1,649.62","1,656.87","1,664.49","1,646.36",2.72B,-0.86%
05/20/2025,"1,653.80","1,660.90","1,668.83","1,649.58",2.87B,0.25%
05/21/2025,"1,642.49","1,660.43","1,671.00","1,636.67",2.68B,-0.68%
05/22/2025,"1,634.34","1,634.52","1,647.92","1,631.64",2.44B,-0.50%
05/23/2025,"1,638.41","1,641.47","1,652.30","1,634.22",1.99B,0.25%
05/26/2025,"1,642.12","1,641.97","1,644.75","1,625.72",1.87B,0.23%
05/27/2025,"1,618.24","1,638.86","1,638.86","1,612.29",1.99B,-1.45%
05/28/2025,"1,613.75","1,626.21","1,634.67","1,613.46",2.17B,-0.28%
05/29/2025,"1,618.72","1,638.19","1,642.69","1,616.84",2.27B,0.31%
05/30/2025,"1,594.23","1,604.86","1,613.03","1,594.23",3.92B,-1.51%
6/4/2025,"1,568.75","1,591.40","1,594.95","1,560.88",2.70B,-1.60%
6/5/2025,"1,584.04","1,578.69","1,591.57","1,574.45",1.97B,0.97%
