Date,Month,Model,MSFT_Price,SPY_Price,MSFT_Shares,SPY_Shares,Total_Invested_THB,Current_Value_THB,Profit_Loss_THB,Return_Pct
2020-06-01 00:00:00-04:00,1,Model 1 (High Risk),192.16322326660156,290.0790100097656,0.3568395003256924,0.05909719956049223,3000,3000.0,0.0,0.0
2020-07-01 00:00:00-04:00,2,Model 1 (High Risk),196.1201171875,289.985595703125,0.706479453405422,0.11821343635594767,6000,6049.225943397883,49.225943397883384,0.8204323899647231
2020-08-01 00:00:00-04:00,3,Model 1 (High Risk),207.46385192871094,307.04730224609375,1.0370017488990542,0.17404475946953557,9000,9400.312290200958,400.31229020095816,4.447914335566202
2020-09-01 00:00:00-04:00,4,Model 1 (High Risk),218.27049255371094,329.2828369140625,1.3511597817561745,0.22610595191890442,12000,12927.989213079369,927.9892130793687,7.733243442328072
2020-10-01 00:00:00-04:00,5,Model 1 (High Risk),204.04693603515625,316.0117492675781,1.6872169159814787,0.2803534828496031,15000,15150.325283144359,150.32528314435876,1.002168554295725
2020-11-01 00:00:00-04:00,6,Model 1 (High Risk),194.3180389404297,309.5985107421875,2.0400993809617365,0.33572473480350074,18000,17512.87961032921,-487.1203896707884,-2.706224387059936
2020-12-01 00:00:00-05:00,7,Model 1 (High Risk),208.1920928955078,343.1837158203125,2.3694655332384453,0.38567715489977644,21000,21898.173763696785,898.1737636967846,4.2770179223656415
2021-01-01 00:00:00-05:00,8,Model 1 (High Risk),209.61717224121094,347.25482177734375,2.6965924944423776,0.43504394858493073,24000,25071.31207710698,1071.3120771069807,4.463800321279086
2021-02-01 00:00:00-05:00,9,Model 1 (High Risk),230.76280212402344,354.26031494140625,2.9937436294618545,0.48343451456094905,27000,30173.721625511425,3173.7216255114254,11.754524538931205
2021-03-01 00:00:00-05:00,10,Model 1 (High Risk),228.67877197265625,366.8307189941406,3.2936028073816477,0.5301668525447016,30000,33168.04865722466,3168.048657224659,10.560162190748864
2021-04-01 00:00:00-04:00,11,Model 1 (High Risk),233.9001922607422,378.4521179199219,3.586768143881192,0.5754641473176284,33000,36985.59843257491,3985.5984325749087,12.077571007802753
2021-05-01 00:00:00-04:00,12,Model 1 (High Risk),243.07858276367188,395.0693054199219,3.868863866967153,0.6188561722299052,36000,41472.51583319792,5472.515833197918,15.201432869994216
2021-06-01 00:00:00-04:00,13,Model 1 (High Risk),239.325439453125,396.4579772949219,4.155383464416212,0.6620962080587333,39000,43994.380399874164,4994.380399874164,12.806103589420934
2021-07-01 00:00:00-04:00,14,Model 1 (High Risk),262.7355651855469,407.953125,4.4163737438365205,0.7041178426346595,42000,50665.49340749979,8665.493407499787,20.63212716071378
2021-08-01 00:00:00-04:00,15,Model 1 (High Risk),275.5241394042969,414.7392272949219,4.665250044547177,0.7454519051362198,45000,55809.50027630047,10809.500276300467,24.02111172511215
2021-09-01 00:00:00-04:00,16,Model 1 (High Risk),292.53790283203125,428.2071228027344,4.899651904639819,0.7854859359357367,48000,61938.95978967742,13938.959789677421,29.03949956182796
2021-10-01 00:00:00-04:00,17,Model 1 (High Risk),280.1998596191406,412.88262939453125,5.144375184175482,0.8270058641729603,51000,62401.834605550626,11401.834605550626,22.35653844225613
2021-11-01 00:00:00-04:00,18,Model 1 (High Risk),319.2301330566406,437.4137268066406,5.359177677645802,0.8661972660249537,54000,73139.41520867612,19139.415208676117,35.443361497548366
2021-12-01 00:00:00-05:00,19,Model 1 (High Risk),320.5035400390625,428.34295654296875,5.573126729700177,0.9062186014548909,57000,76103.27203418284,19103.27203418284,33.51451234067165
2022-01-01 00:00:00-05:00,20,Model 1 (High Risk),325.0380554199219,455.8104248046875,5.784091038118895,0.9438282220558298,60000,80858.97561839591,20858.97561839591,34.764959363993185
2022-02-01 00:00:00-05:00,21,Model 1 (High Risk),299.8020935058594,432.185546875,6.0128133521279805,0.9834937251408169,63000,77969.70314966235,14969.703149662353,23.761433570892624
2022-03-01 00:00:00-05:00,22,Model 1 (High Risk),286.9849548339844,410.2685546875,6.251750715973747,1.02527820252031,66000,77517.92311051812,11517.923110518124,17.45139865230019
2022-04-01 00:00:00-04:00,23,Model 1 (High Risk),301.0642395019531,433.4993896484375,6.479514161691729,1.064823488055221,69000,84432.26174554901,15432.26174554901,22.365596732679727
2022-05-01 00:00:00-04:00,24,Model 1 (High Risk),276.7879638671875,396.7076721191406,6.7272540836643895,1.1080363078408406,72000,80555.63125896004,8555.631258960042,11.882821193000058
2022-06-01 00:00:00-04:00,25,Model 1 (High Risk),265.6806945800781,392.0273742675781,6.985351227981966,1.1517650325884046,75000,80758.87356722131,5758.873567221308,7.678498089628411
2022-07-01 00:00:00-04:00,26,Model 1 (High Risk),253.15834045410156,366.46917724609375,7.256215021955449,1.1985434745618349,78000,79667.02078834499,1667.0207883449912,2.1372061389038346
2022-08-01 00:00:00-04:00,27,Model 1 (High Risk),271.13238525390625,394.8551025390625,7.509122576717724,1.241959038986917,81000,88422.60626772755,7422.606267727548,9.163711441638949
2022-09-01 00:00:00-04:00,28,Model 1 (High Risk),254.49713134765625,381.0610656738281,7.778561482407221,1.2869462042659086,84000,86450.93363712629,2450.9336371262907,2.9177781394360602
2022-10-01 00:00:00-04:00,29,Model 1 (High Risk),235.28280639648438,353.8536682128906,8.070004064301097,1.335392380419559,87000,82994.33436681806,-4005.6656331819395,-4.604213371473493
2022-11-01 00:00:00-04:00,30,Model 1 (High Risk),222.99774169921875,371.1404113769531,8.377502373696169,1.381582061244819,90000,83332.37657414288,-6667.62342585712,-7.408470473174578
2022-12-01 00:00:00-05:00,31,Model 1 (High Risk),249.61805725097656,393.2050476074219,8.652207774926353,1.4251798157679825,93000,95204.7317555984,2204.7317555984046,2.3706793070950587
2023-01-01 00:00:00-05:00,32,Model 1 (High Risk),234.80894470214844,369.25714111328125,8.944238509353486,1.4716050713261357,96000,92525.57604609565,-3474.4239539043483,-3.6191916186503628
2023-02-01 00:00:00-05:00,33,Model 1 (High Risk),247.71665954589844,398.3268127441406,9.22105246565796,1.514642237277273,99000,101063.58251893998,2063.5825189399766,2.084426786808057
2023-03-01 00:00:00-05:00,34,Model 1 (High Risk),241.97027587890625,382.75445556640625,9.504440283944142,1.559430369442812,102000,101383.4835870625,-616.5164129375044,-0.6044278558210827
2023-04-01 00:00:00-04:00,35,Model 1 (High Risk),282.2151794433594,399.9930114746094,9.747415976132913,1.6022882610836147,105000,118712.0499465134,13712.049946513405,13.059095187155625
2023-05-01 00:00:00-04:00,36,Model 1 (High Risk),300.22509765625,404.431396484375,9.97581603031473,1.6446758138104205,108000,128105.21073159069,20105.21073159069,18.615935862583974
2023-06-01 00:00:00-04:00,37,Model 1 (High Risk),327.4876708984375,410.57318115234375,10.185202320746086,1.6864292890246144,111000,140977.5788271836,29977.578827183606,27.006827772237486
2023-07-01 00:00:00-04:00,38,Model 1 (High Risk),332.81488037109375,433.5619812011719,10.391237064429934,1.7259688655699639,114000,147233.5480473892,33233.548047389195,29.152235129288766
2023-08-01 00:00:00-04:00,39,Model 1 (High Risk),331.19012451171875,445.95947265625,10.598282575441244,1.7644092580135862,117000,150391.55418085083,33391.55418085083,28.539789898163097
2023-09-01 00:00:00-04:00,40,Model 1 (High Risk),324.31292724609375,440.7914123535156,10.809718576940487,1.80330034495951,120000,150521.37731212165,30521.37731212165,25.43448109343471
2023-10-01 00:00:00-04:00,41,Model 1 (High Risk),317.5436096191406,418.934326171875,11.025661919820768,1.8442204989595525,123000,149580.7514776459,26580.751477645914,21.61036705499668
2023-11-01 00:00:00-04:00,42,Model 1 (High Risk),341.49267578125,414.3754577636719,11.22646103920028,1.885590847568939,126000,161528.38766563887,35528.387665638875,28.19713306796736
2023-12-01 00:00:00-05:00,43,Model 1 (High Risk),370.30657958984375,450.1011962890625,11.411635789936224,1.923677520708656,129000,178207.86795845852,49207.86795845852,38.14563407632443
2024-01-01 00:00:00-05:00,44,Model 1 (High Risk),366.7073669433594,465.26434326171875,11.59862802067049,1.9605229342700687,132000,180791.23149773857,48791.23149773857,36.96305416495346
2024-02-01 00:00:00-05:00,45,Model 1 (High Risk),399.2480163574219,481.5557556152344,11.770379477814966,1.9961218383283443,135000,198119.0616456803,63119.06164568031,46.754860478281714
2024-03-01 00:00:00-05:00,46,Model 1 (High Risk),411.5962219238281,504.836181640625,11.936978258170434,2.030079105589074,138000,207832.53877203417,69832.53877203417,50.60328896524216
2024-04-01 00:00:00-04:00,47,Model 1 (High Risk),420.58099365234375,515.59765625,12.10001802840815,2.0633276220147287,141000,215350.95720550488,74350.95720550488,52.7311753230531
2024-05-01 00:00:00-04:00,48,Model 1 (High Risk),391.2294006347656,494.0618591308594,12.275289693728222,2.0980254170904598,144000,204365.2998648421,60365.29986484209,41.920347128362565
2024-06-01 00:00:00-04:00,49,Model 1 (High Risk),410.3736877441406,521.1668090820312,12.442384784420737,2.1309186421464683,147000,217580.69891093243,70580.69891093243,48.01408089179077
2024-07-01 00:00:00-04:00,50,Model 1 (High Risk),453.2549133300781,540.2236328125,12.5936714589934,2.162651532197221,150000,240676.0626509622,90676.06265096221,60.45070843397481
2024-08-01 00:00:00-04:00,51,Model 1 (High Risk),413.93634033203125,537.9154663085938,12.759328401595795,2.194520586382442,153000,226170.56938695902,73170.56938695902,47.823901560103934
2024-09-01 00:00:00-04:00,52,Model 1 (High Risk),407.0570983886719,546.9004516601562,12.927784937160135,2.225866066333718,156000,226788.5823744138,70788.58237441379,45.37729639385499
2024-10-01 00:00:00-04:00,53,Model 1 (High Risk),418.2416076660156,565.0130004882812,13.091736651467302,2.2562067082800845,159000,236260.32871759162,77260.32871759162,48.59140170917712
2024-11-01 00:00:00-04:00,54,Model 1 (High Risk),407.9816589355469,567.4176025390625,13.259811433922808,2.2864187726681946,162000,234748.99435302182,72748.99435302182,44.90678663766779
2024-12-01 00:00:00-05:00,55,Model 1 (High Risk),429.32940673828125,599.8008422851562,13.419528955003841,2.3149996880892956,165000,250247.80087176868,85247.80087176868,51.665333861677986
2025-01-01 00:00:00-05:00,56,Model 1 (High Risk),416.97686767578125,582.8865966796875,13.583977954186084,2.3444099665903084,168000,246075.5403596401,78075.54035964009,46.473535928357194
2025-02-01 00:00:00-05:00,57,Model 1 (High Risk),409.3462219238281,595.9771728515625,13.751492456333336,2.3731742514048326,171000,246521.77073476577,75521.77073476577,44.16477820746536
2025-03-01 00:00:00-05:00,58,Model 1 (High Risk),387.778076171875,582.0191650390625,13.928324084486125,2.4026283624936084,174000,237981.60649263425,63981.60649263425,36.77103821415761
2025-04-01 00:00:00-04:00,59,Model 1 (High Risk),381.4896545410156,560.969970703125,14.108070580243472,2.4331876758938784,177000,236145.98669055596,59145.98669055596,33.41581168957964
2025-05-01 00:00:00-04:00,60,Model 1 (High Risk),424.6204528808594,558.469970703125,14.269559335922107,2.463883788562701,180000,260230.31491954197,80230.31491954197,44.572397177523314
2020-06-01 00:00:00-04:00,1,Model 2 (Medium Risk),192.16322326660156,290.0790100097656,0.22302468770355774,0.14774299890123058,3000,3000.0,0.0,0.0
2020-07-01 00:00:00-04:00,2,Model 2 (Medium Risk),196.1201171875,289.985595703125,0.4415496583783887,0.2955335908898692,6000,6030.403930241339,30.403930241339367,0.5067321706889895
2020-08-01 00:00:00-04:00,3,Model 2 (Medium Risk),207.46385192871094,307.04730224609375,0.6481260930619088,0.4351118986738389,9000,9382.19346627877,382.19346627876985,4.246594069764109
2020-09-01 00:00:00-04:00,4,Model 2 (Medium Risk),218.27049255371094,329.2828369140625,0.844474863597609,0.565264879797261,12000,12965.958867897232,965.9588678972323,8.049657232476935
2020-10-01 00:00:00-04:00,5,Model 2 (Medium Risk),204.04693603515625,316.0117492675781,1.0545105724884243,0.7008837071240077,15000,15282.999817902042,282.9998179020422,1.8866654526802813
2020-11-01 00:00:00-04:00,6,Model 2 (Medium Risk),194.3180389404297,309.5985107421875,1.2750621131010855,0.8393118370087518,18000,17766.604244593487,-233.39575540651276,-1.2966430855917377
2020-12-01 00:00:00-05:00,7,Model 2 (Medium Risk),208.1920928955078,343.1837158203125,1.4809159582740286,0.964192887249441,21000,22372.360169922187,1372.3601699221872,6.535048428200891
2021-01-01 00:00:00-05:00,8,Model 2 (Medium Risk),209.61717224121094,347.25482177734375,1.6853703090264862,1.0876098714623266,24000,25583.611565237523,1583.6115652375229,6.598381521823011
2021-02-01 00:00:00-05:00,9,Model 2 (Medium Risk),230.76280212402344,354.26031494140625,1.8710897684136594,1.2085862864023724,27000,30097.622675382332,3097.622675382332,11.47267657549012
2021-03-01 00:00:00-05:00,10,Model 2 (Medium Risk),228.67877197265625,366.8307189941406,2.05850175461353,1.3254171313617538,30000,33492.878041460724,3492.8780414607245,11.642926804869083
2021-04-01 00:00:00-04:00,11,Model 2 (Medium Risk),233.9001922607422,378.4521179199219,2.241730089925745,1.4386603682940706,33000,37408.1806832534,4408.1806832533985,13.358123282586057
2021-05-01 00:00:00-04:00,12,Model 2 (Medium Risk),243.07858276367188,395.0693054199219,2.4180399168544704,1.5471404305747627,36000,41965.04939722277,5965.0493972227705,16.56958165895214
2021-06-01 00:00:00-04:00,13,Model 2 (Medium Risk),239.325439453125,396.4579772949219,2.5971146652601322,1.655240520146833,39000,44722.612099464066,5722.612099464066,14.67336435760017
2021-07-01 00:00:00-04:00,14,Model 2 (Medium Risk),262.7355651855469,407.953125,2.760233589897825,1.7602946065866485,42000,50516.522628726176,8516.522628726176,20.277434830300418
2021-08-01 00:00:00-04:00,15,Model 2 (Medium Risk),275.5241394042969,414.7392272949219,2.9157812778419854,1.8636297628405494,45000,55170.09732755087,10170.097327550873,22.600216283446382
2021-09-01 00:00:00-04:00,16,Model 2 (Medium Risk),292.53790283203125,428.2071228027344,3.0622824403998865,1.9637148398393414,48000,60784.8627598301,12784.862759830103,26.635130749646045
2021-10-01 00:00:00-04:00,17,Model 2 (Medium Risk),280.1998596191406,412.88262939453125,3.215234490109676,2.0675146604324004,51000,61409.21997288475,10409.219972884748,20.410235240950485
2021-11-01 00:00:00-04:00,18,Model 2 (Medium Risk),319.2301330566406,437.4137268066406,3.349486048528626,2.165493165062384,54000,70576.565942659,16576.565942659,30.697344338257405
2021-12-01 00:00:00-05:00,19,Model 2 (Medium Risk),320.5035400390625,428.34295654296875,3.48320420606261,2.2655465036372266,57000,73038.35581964509,16038.35581964509,28.13746635025454
2022-01-01 00:00:00-05:00,20,Model 2 (Medium Risk),325.0380554199219,455.8104248046875,3.6150568988243084,2.359570555139574,60000,78769.17726023597,18769.17726023597,31.281962100393283
2022-02-01 00:00:00-05:00,21,Model 2 (Medium Risk),299.8020935058594,432.185546875,3.758008345079987,2.458734312852042,63000,76625.08710107152,13625.08710107152,21.62712238265321
2022-03-01 00:00:00-05:00,22,Model 2 (Medium Risk),286.9849548339844,410.2685546875,3.907344197483591,2.5631955063007745,66000,76053.16298255105,10053.162982551046,15.232065125077343
2022-04-01 00:00:00-04:00,23,Model 2 (Medium Risk),301.0642395019531,433.4993896484375,4.04969635105733,2.6620587201380523,69000,83062.68538865696,14062.685388656959,20.38070346182168
2022-05-01 00:00:00-04:00,24,Model 2 (Medium Risk),276.7879638671875,396.7076721191406,4.204533802290243,2.7700907696021018,72000,79193.82138199871,7193.821381998714,9.991418586109326
2022-06-01 00:00:00-04:00,25,Model 2 (Medium Risk),265.6806945800781,392.0273742675781,4.365844517488728,2.8794125814710116,75000,80105.52051537493,5105.520515374927,6.807360687166569
2022-07-01 00:00:00-04:00,26,Model 2 (Medium Risk),253.15834045410156,366.46917724609375,4.535134388722155,2.9963586864045872,78000,78616.30693441359,616.3069344135874,0.7901370954020351
2022-08-01 00:00:00-04:00,27,Model 2 (Medium Risk),271.13238525390625,394.8551025390625,4.693201610448577,3.1048975974672928,81000,87446.22622188718,6446.2262218871765,7.958303977638489
2022-09-01 00:00:00-04:00,28,Model 2 (Medium Risk),254.49713134765625,381.0610656738281,4.861600926504512,3.2173655106647714,84000,86214.66768980255,2214.667689802547,2.6365091545268418
2022-10-01 00:00:00-04:00,29,Model 2 (Medium Risk),235.28280639648438,353.8536682128906,5.043752540188185,3.338480951048898,87000,82881.46941243348,-4118.530587566522,-4.73394320409945
2022-11-01 00:00:00-04:00,30,Model 2 (Medium Risk),222.99774169921875,371.1404113769531,5.235938983560105,3.453955153112048,90000,85732.67168943258,-4267.32831056742,-4.7414759006304665
2022-12-01 00:00:00-05:00,31,Model 2 (Medium Risk),249.61805725097656,393.2050476074219,5.407629859328971,3.5629495394199564,93000,96278.41310809873,3278.413108098728,3.525175385052396
2023-01-01 00:00:00-05:00,32,Model 2 (Medium Risk),234.80894470214844,369.25714111328125,5.590149068345929,3.6790126783153396,96000,93489.15475130855,-2510.8452486914466,-2.615463800720257
2023-02-01 00:00:00-05:00,33,Model 2 (Medium Risk),247.71665954589844,398.3268127441406,5.7631577910362255,3.786605593193183,99000,102757.78567205163,3757.7856720516284,3.795743103082453
2023-03-01 00:00:00-05:00,34,Model 2 (Medium Risk),241.97027587890625,382.75445556640625,5.940275177465089,3.8985759236070305,102000,102534.85650143241,534.8565014324122,0.5243691190513845
2023-04-01 00:00:00-04:00,35,Model 2 (Medium Risk),282.2151794433594,399.9930114746094,6.092134985083071,4.005720652709037,105000,116254.3632254029,11254.363225402907,10.718441167050388
2023-05-01 00:00:00-04:00,36,Model 2 (Medium Risk),300.22509765625,404.431396484375,6.234885018946706,4.111689534526052,108000,123716.78564165642,15716.785641656417,14.552579297830015
2023-06-01 00:00:00-04:00,37,Model 2 (Medium Risk),327.4876708984375,410.57318115234375,6.365751450466303,4.216073222561537,111000,133549.9098846452,22549.909884645196,20.315234130310987
2023-07-01 00:00:00-04:00,38,Model 2 (Medium Risk),332.81488037109375,433.5619812011719,6.494523165268707,4.314922163924911,114000,141129.10533527168,27129.105335271684,23.797460820413757
2023-08-01 00:00:00-04:00,39,Model 2 (Medium Risk),331.19012451171875,445.95947265625,6.623926609650777,4.411023145033967,117000,145632.08219842063,28632.082198420627,24.471865126855235
2023-09-01 00:00:00-04:00,40,Model 2 (Medium Risk),324.31292724609375,440.7914123535156,6.756074110587803,4.508250862398777,120000,146239.8152731947,26239.81527319469,21.86651272766224
2023-10-01 00:00:00-04:00,41,Model 2 (Medium Risk),317.5436096191406,418.934326171875,6.89103869988798,4.610551247398883,123000,144190.32190141486,21190.321901414864,17.227903984890133
2023-11-01 00:00:00-04:00,42,Model 2 (Medium Risk),341.49267578125,414.3754577636719,7.0165381495001755,4.713977118922348,126000,152230.84848772356,26230.84848772356,20.818133720415524
2023-12-01 00:00:00-05:00,43,Model 2 (Medium Risk),370.30657958984375,450.1011962890625,7.132272368710139,4.809193801771641,129000,168201.29441232476,39201.29441232476,30.3886003196316
2024-01-01 00:00:00-05:00,44,Model 2 (Medium Risk),366.7073669433594,465.26434326171875,7.2491425129190565,4.901307335675172,132000,172855.11257582638,40855.11257582638,30.95084286047453
2024-02-01 00:00:00-05:00,45,Model 2 (Medium Risk),399.2480163574219,481.5557556152344,7.356487173634354,4.990304595820861,135000,186906.04841380584,51906.04841380584,38.44892475096729
2024-03-01 00:00:00-05:00,46,Model 2 (Medium Risk),411.5962219238281,504.836181640625,7.460611411356521,5.075197763972686,138000,197151.60256369034,59151.602563690336,42.86348011861619
2024-04-01 00:00:00-04:00,47,Model 2 (Medium Risk),420.58099365234375,515.59765625,7.562511267755094,5.158319055036823,141000,204409.30014631644,63409.30014631644,44.971134855543575
2024-05-01 00:00:00-04:00,48,Model 2 (Medium Risk),391.2294006347656,494.0618591308594,7.6720560585801385,5.245063542726149,144000,195752.19085146912,51752.19085146912,35.93902142463133
2024-06-01 00:00:00-04:00,49,Model 2 (Medium Risk),410.3736877441406,521.1668090820312,7.77649049026296,5.327296605366171,147000,208868.70385670365,61868.70385670365,42.08755364401609
2024-07-01 00:00:00-04:00,50,Model 2 (Medium Risk),453.2549133300781,540.2236328125,7.871044661870875,5.4066288304930525,150000,227093.24169389243,77093.24169389243,51.39549446259495
2024-08-01 00:00:00-04:00,51,Model 2 (Medium Risk),413.93634033203125,537.9154663085938,7.974580250997372,5.486301465956106,153000,218824.7241652935,65824.7241652935,43.02269553287157
2024-09-01 00:00:00-04:00,52,Model 2 (Medium Risk),407.0570983886719,546.9004516601562,8.079865585725084,5.564665165834295,156000,221629.9586629819,65629.9586629819,42.070486322424294
2024-10-01 00:00:00-04:00,53,Model 2 (Medium Risk),418.2416076660156,565.0130004882812,8.182335407167063,5.640516770700212,159000,231320.54470258695,72320.54470258695,45.484619309803115
2024-11-01 00:00:00-04:00,54,Model 2 (Medium Risk),407.9816589355469,567.4176025390625,8.287382146201754,5.716046931670487,162000,231856.99467733098,69856.99467733098,43.12160165267344
2024-12-01 00:00:00-05:00,55,Model 2 (Medium Risk),429.32940673828125,599.8008422851562,8.387205596877399,5.787499220223239,165000,247527.73185398823,82527.73185398823,50.01680718423529
2025-01-01 00:00:00-05:00,56,Model 2 (Medium Risk),416.97686767578125,582.8865966796875,8.4899862213663,5.861024916475771,168000,243475.4254735346,75475.42547353459,44.925848496151545
2025-02-01 00:00:00-05:00,57,Model 2 (Medium Risk),409.3462219238281,595.9771728515625,8.594682785208333,5.932935628512081,171000,246893.32952724068,75893.32952724068,44.38206405101794
2025-03-01 00:00:00-05:00,58,Model 2 (Medium Risk),387.778076171875,582.0191650390625,8.705202552803826,6.006570906234021,174000,240506.91287724543,66506.91287724543,38.22236372255484
2025-04-01 00:00:00-04:00,59,Model 2 (Medium Risk),381.4896545410156,560.969970703125,8.817544112652168,6.082969189734697,177000,237165.77169562643,60165.771695626434,33.991961409958435
2025-05-01 00:00:00-04:00,60,Model 2 (Medium Risk),424.6204528808594,558.469970703125,8.918474584951316,6.159709471406753,180000,252944.28198566637,72944.28198566637,40.52460110314799
2020-06-01 00:00:00-04:00,1,Model 3 (Low Risk),192.16322326660156,290.0790100097656,0.0892098750814231,0.23638879824196893,3000,3000.0,0.0,0.0
2020-07-01 00:00:00-04:00,2,Model 3 (Low Risk),196.1201171875,289.985595703125,0.1766198633513555,0.47285374542379066,6000,6011.5819170847935,11.581917084793531,0.19303195141322552
2020-08-01 00:00:00-04:00,3,Model 3 (Low Risk),207.46385192871094,307.04730224609375,0.25925043722476354,0.6961790378781423,9000,9364.074642356582,364.07464235658153,4.045273803962017
2020-09-01 00:00:00-04:00,4,Model 3 (Low Risk),218.27049255371094,329.2828369140625,0.3377899454390436,0.9044238076756177,12000,13003.928522715096,1003.9285227150958,8.366071022625798
2020-10-01 00:00:00-04:00,5,Model 3 (Low Risk),204.04693603515625,316.0117492675781,0.4218042289953697,1.1214139313984124,15000,15415.674352659726,415.6743526597256,2.7711623510648375
2020-11-01 00:00:00-04:00,6,Model 3 (Low Risk),194.3180389404297,309.5985107421875,0.5100248452404341,1.342898939214003,18000,18020.32887885776,20.328878857759264,0.11293821587644035
2020-12-01 00:00:00-05:00,7,Model 3 (Low Risk),208.1920928955078,343.1837158203125,0.5923663833096113,1.5427086195991058,21000,22846.546576147586,1846.5465761475862,8.793078934036124
2021-01-01 00:00:00-05:00,8,Model 3 (Low Risk),209.61717224121094,347.25482177734375,0.6741481236105944,1.740175794339723,24000,26095.91105336807,2095.9110533680687,8.732962722366953
2021-02-01 00:00:00-05:00,9,Model 3 (Low Risk),230.76280212402344,354.26031494140625,0.7484359073654636,1.9337380582437962,27000,30021.52372525324,3021.523725253239,11.190828612049032
2021-03-01 00:00:00-05:00,10,Model 3 (Low Risk),228.67877197265625,366.8307189941406,0.8234007018454119,2.1206674101788066,30000,33817.707425696804,3817.7074256968044,12.72569141898935
2021-04-01 00:00:00-04:00,11,Model 3 (Low Risk),233.9001922607422,378.4521179199219,0.896692035970298,2.3018565892705136,33000,37830.762933931896,4830.7629339318955,14.63867555736938
2021-05-01 00:00:00-04:00,12,Model 3 (Low Risk),243.07858276367188,395.0693054199219,0.9672159667417882,2.4754246889196208,36000,42457.58296124763,6457.58296124763,17.937730447910084
2021-06-01 00:00:00-04:00,13,Model 3 (Low Risk),239.325439453125,396.4579772949219,1.038845866104053,2.648384832234933,39000,45450.84379905395,6450.843799053953,16.540625125779368
2021-07-01 00:00:00-04:00,14,Model 3 (Low Risk),262.7355651855469,407.953125,1.1040934359591301,2.816471370538638,42000,50367.551849952564,8367.551849952564,19.922742499887057
2021-08-01 00:00:00-04:00,15,Model 3 (Low Risk),275.5241394042969,414.7392272949219,1.1663125111367942,2.9818076205448794,45000,54530.694378801294,9530.694378801294,21.17932084178065
2021-09-01 00:00:00-04:00,16,Model 3 (Low Risk),292.53790283203125,428.2071228027344,1.2249129761599546,3.1419437437429467,48000,59630.7657299828,11630.765729982799,24.230761937464166
2021-10-01 00:00:00-04:00,17,Model 3 (Low Risk),280.1998596191406,412.88262939453125,1.2860937960438705,3.308023456691841,51000,60416.605340218885,9416.605340218885,18.46393203964487
2021-11-01 00:00:00-04:00,18,Model 3 (Low Risk),319.2301330566406,437.4137268066406,1.3397944194114506,3.464789064099815,54000,68013.7166766419,14013.716676641896,25.951327178966473
2021-12-01 00:00:00-05:00,19,Model 3 (Low Risk),320.5035400390625,428.34295654296875,1.3932816824250442,3.6248744058195634,57000,69973.43960510737,12973.43960510737,22.760420359837493
2022-01-01 00:00:00-05:00,20,Model 3 (Low Risk),325.0380554199219,455.8104248046875,1.4460227595297237,3.7753128882233193,60000,76679.37890207607,16679.378902076074,27.798964836793456
2022-02-01 00:00:00-05:00,21,Model 3 (Low Risk),299.8020935058594,432.185546875,1.5032033380319951,3.9339749005632676,63000,75280.47105248067,12280.471052480672,19.492811194413765
2022-03-01 00:00:00-05:00,22,Model 3 (Low Risk),286.9849548339844,410.2685546875,1.5629376789934368,4.10111281008124,66000,74588.40285458401,8588.402854584012,13.012731597854563
2022-04-01 00:00:00-04:00,23,Model 3 (Low Risk),301.0642395019531,433.4993896484375,1.6198785404229323,4.259293952220884,69000,81693.10903176494,12693.109031764936,18.395810190963672
2022-05-01 00:00:00-04:00,24,Model 3 (Low Risk),276.7879638671875,396.7076721191406,1.6818135209160974,4.4321452313633625,72000,77832.01150503734,5832.011505037342,8.100015979218531
2022-06-01 00:00:00-04:00,25,Model 3 (Low Risk),265.6806945800781,392.0273742675781,1.7463378069954916,4.607060130353618,75000,79452.16746352857,4452.167463528574,5.9362232847047665
2022-07-01 00:00:00-04:00,26,Model 3 (Low Risk),253.15834045410156,366.46917724609375,1.8140537554888623,4.794173898247339,78000,77565.5930804822,-434.4069195178017,-0.5569319480997458
2022-08-01 00:00:00-04:00,27,Model 3 (Low Risk),271.13238525390625,394.8551025390625,1.877280644179431,4.967836155947668,81000,86469.8461760468,5469.846176046805,6.752896513638031
2022-09-01 00:00:00-04:00,28,Model 3 (Low Risk),254.49713134765625,381.0610656738281,1.9446403706018052,5.147784817063634,84000,85978.40174247882,1978.401742478818,2.3552401696176406
2022-10-01 00:00:00-04:00,29,Model 3 (Low Risk),235.28280639648438,353.8536682128906,2.017501016075274,5.341569521678236,87000,82768.60445804891,-4231.395541951089,-4.86367303672539
2022-11-01 00:00:00-04:00,30,Model 3 (Low Risk),222.99774169921875,371.1404113769531,2.0943755934240422,5.526328244979276,90000,88132.96680472224,-1867.0331952777633,-2.074481328086404
2022-12-01 00:00:00-05:00,31,Model 3 (Low Risk),249.61805725097656,393.2050476074219,2.1630519437315883,5.70071926307193,93000,97352.09446059905,4352.094460599052,4.679671463009734
2023-01-01 00:00:00-05:00,32,Model 3 (Low Risk),234.80894470214844,369.25714111328125,2.2360596273383715,5.886420285304543,96000,94452.73345652143,-1547.266543478574,-1.6117359827901814
2023-02-01 00:00:00-05:00,33,Model 3 (Low Risk),247.71665954589844,398.3268127441406,2.30526311641449,6.058568949109092,99000,104451.98882516327,5451.988825163266,5.5070594193568345
2023-03-01 00:00:00-05:00,34,Model 3 (Low Risk),241.97027587890625,382.75445556640625,2.3761100709860354,6.237721477771248,102000,103686.2294158023,1686.2294158022996,1.6531660939238233
2023-04-01 00:00:00-04:00,35,Model 3 (Low Risk),282.2151794433594,399.9930114746094,2.4368539940332283,6.409153044334459,105000,113796.67650429244,8796.676504292438,8.37778714694518
2023-05-01 00:00:00-04:00,36,Model 3 (Low Risk),300.22509765625,404.431396484375,2.4939540075786826,6.578703255241682,108000,119328.36055172211,11328.360551722115,10.489222733076033
2023-06-01 00:00:00-04:00,37,Model 3 (Low Risk),327.4876708984375,410.57318115234375,2.5463005801865215,6.745717156098458,111000,126122.24094210682,15122.240942106815,13.623640488384517
2023-07-01 00:00:00-04:00,38,Model 3 (Low Risk),332.81488037109375,433.5619812011719,2.5978092661074834,6.9038754622798555,114000,135024.6626231542,21024.662623154203,18.442686511538774
2023-08-01 00:00:00-04:00,39,Model 3 (Low Risk),331.19012451171875,445.95947265625,2.649570643860311,7.057637032054345,117000,140872.6102159904,23872.610215990397,20.40394035554735
2023-09-01 00:00:00-04:00,40,Model 3 (Low Risk),324.31292724609375,440.7914123535156,2.7024296442351217,7.21320137983804,120000,141958.25323426773,21958.25323426773,18.298544361889775
2023-10-01 00:00:00-04:00,41,Model 3 (Low Risk),317.5436096191406,418.934326171875,2.756415479955192,7.37688199583821,123000,138799.89232518376,15799.892325183755,12.84544091478354
2023-11-01 00:00:00-04:00,42,Model 3 (Low Risk),341.49267578125,414.3754577636719,2.80661525980007,7.542363390275756,126000,142933.30930980816,16933.30930980816,13.439134372863618
2023-12-01 00:00:00-05:00,43,Model 3 (Low Risk),370.30657958984375,450.1011962890625,2.852908947484056,7.694710082834624,129000,158194.720866191,29194.720866190997,22.631566562938758
2024-01-01 00:00:00-05:00,44,Model 3 (Low Risk),366.7073669433594,465.26434326171875,2.8996570051676227,7.842091737080275,132000,164918.99365391422,32918.99365391422,24.93863155599562
2024-02-01 00:00:00-05:00,45,Model 3 (Low Risk),399.2480163574219,481.5557556152344,2.9425948694537416,7.984487353313377,135000,175693.03518193137,40693.035181931366,30.14298902365286
2024-03-01 00:00:00-05:00,46,Model 3 (Low Risk),411.5962219238281,504.836181640625,2.9842445645426086,8.120316422356296,138000,186470.6663553465,48470.666355346504,35.12367127199022
2024-04-01 00:00:00-04:00,47,Model 3 (Low Risk),420.58099365234375,515.59765625,3.0250045071020377,8.253310488058915,141000,193467.64308712797,52467.64308712797,37.21109438803402
2024-05-01 00:00:00-04:00,48,Model 3 (Low Risk),391.2294006347656,494.0618591308594,3.0688224234320556,8.392101668361839,144000,187139.0818380961,43139.081838096114,29.95769572090008
2024-06-01 00:00:00-04:00,49,Model 3 (Low Risk),410.3736877441406,521.1668090820312,3.1105961961051842,8.523674568585873,147000,200156.70880247487,53156.70880247487,36.16102639624141
2024-07-01 00:00:00-04:00,50,Model 3 (Low Risk),453.2549133300781,540.2236328125,3.14841786474835,8.650606128788883,150000,213510.42073682268,63510.42073682268,42.34028049121512
2024-08-01 00:00:00-04:00,51,Model 3 (Low Risk),413.93634033203125,537.9154663085938,3.1898321003989487,8.778082345529768,153000,211478.87894362796,58478.87894362796,38.22148950563919
2024-09-01 00:00:00-04:00,52,Model 3 (Low Risk),407.0570983886719,546.9004516601562,3.231946234290034,8.903464265334872,156000,216471.33495154994,60471.33495154994,38.76367625099355
2024-10-01 00:00:00-04:00,53,Model 3 (Low Risk),418.2416076660156,565.0130004882812,3.2729341628668256,9.024826833120338,159000,226380.76068758222,67380.76068758222,42.377836910429075
2024-11-01 00:00:00-04:00,54,Model 3 (Low Risk),407.9816589355469,567.4176025390625,3.314952858480702,9.145675090672778,162000,228964.9950016401,66964.99500164011,41.33641666767908
2024-12-01 00:00:00-05:00,55,Model 3 (Low Risk),429.32940673828125,599.8008422851562,3.3548822387509603,9.259998752357182,165000,244807.66283620783,79807.66283620783,48.36828050679263
2025-01-01 00:00:00-05:00,56,Model 3 (Low Risk),416.97686767578125,582.8865966796875,3.395994488546521,9.377639866361234,168000,240875.31058742915,72875.31058742915,43.378161063945925
2025-02-01 00:00:00-05:00,57,Model 3 (Low Risk),409.3462219238281,595.9771728515625,3.437873114083334,9.49269700561933,171000,247264.88831971574,76264.88831971574,44.59934989457061
2025-03-01 00:00:00-05:00,58,Model 3 (Low Risk),387.778076171875,582.0191650390625,3.482081021121531,9.610513449974434,174000,243032.2192618567,69032.21926185669,39.67368923095212
2025-04-01 00:00:00-04:00,59,Model 3 (Low Risk),381.4896545410156,560.969970703125,3.527017645060868,9.732750703575514,177000,238185.5567006969,61185.55670069691,34.568111130337236
2025-05-01 00:00:00-04:00,60,Model 3 (Low Risk),424.6204528808594,558.469970703125,3.567389833980527,9.855535154250804,180000,245658.24905179077,65658.24905179077,36.47680502877265
